"Pos","Cons","AA","FromCodons","ToCodons","FromCodonsCtx","ToCodonsCtx","Count","PosTotal","PatientCount","PatientPosTotal","sgsPcnt","dbPcnt","pcntFold","IsAPOBEC","isUsual"
4,"P","H","CCT (107)","CAC (4), CAT (1)","AGTCCTATT (107)","AGTCACATT (4), AGTCATATT (1)",5,2120,2,107,0.236,0.314692529921585,0.749938360655738,"False","True"
4,"P","S","CCC (30)","TCC (88)","AGTCCCATT (29), AGTCCCACT (1)","AGTTCCATT (70), AGCTCCATT (16), AGTTCCATA (2)",88,2120,8,107,4.151,4.21997523730912,0.983655061124694,"False","True"
4,"P","T","","ACC","","AGTACCATT",1,2120,1,107,0.047,0.722245150639703,0.0650748571428571,"False","True"
5,"I","T","ATT (57)","ACT","TCCATTGAA (47), CCCATTGAA (10)","CCCACTGAA",1,2120,1,107,0.047,0.0307235393517333,1.52977166666667,"False","True"
5,"I","V","","GTT (6)","","CCTGTTGAA (6)",6,2120,1,107,0.283,0.307235393517333,0.921117833333333,"False","True"
5,"I","X","ATT (8)","RTT","CCCATTGAA (8)","CCCRTTGAA",1,2120,1,107,0.047,NA,NA,"False",NA
6,"E","D","GAA (247), AAA (3)","GAT (21), GAC (2)","ATTGAAACT (246), ATTAAAACT (3), ATTGAAATT (1)","ATTGATACT (21), ATTGACATT (1), ATTGACACT (1)",23,2120,3,107,1.085,2.0252118206241,0.535746428571429,"False","True"
6,"E","K","GAA (440), GAT (21), GAC (1), GAG (1)","AAA (38), AAG (2)","ATTGAAACT (437), ATTGATACT (21), ATTGAACCT (1), ATTGAARCT (1), ATTGAAATT (1), ATTGACATT (1), ATTGAGACT (1)","ATTAAAACT (37), ATTAAGACA (1), ATTAAAACY (1), ATTAAGACT (1)",40,2120,10,107,1.887,2.44368671213061,0.772193911205074,"False","True"
6,"E","N","GAA","AAC (8)","ATTGAACCT","ATTAACACT (8)",8,2120,1,107,0.377,0.118826203761108,3.17270086956522,"False","True"
6,"E","R","","AGA (11)","","ATTAGAACT (11)",11,2120,1,107,0.519,0.0309981401115933,16.74294,"False","True"
7,"T","I","ACT (66)","ATT (2)","GAAACTGTA (63), GAAACTGTG (2), AAAACTGTA (1)","GAAATTGTA, GACATTGTA",2,2120,1,107,0.094,0.0254181282090387,3.698148,"False","True"
7,"T","P","ACT (77)","CCT (2)","GAAACTGTA (68), AACACTGTA (8), AAAACTGTA (1)","GAACCTGTA (2)",2,2120,2,107,0.094,0.172843271821463,0.543845294117647,"False","True"
7,"T","X","ACT (107)","RCT","GAAACTGTA (93), AAAACTGTA (13), GAAACTGTG (1)","GAARCTGTA",1,2120,1,107,0.047,NA,NA,"False",NA
8,"V","I","GTA (86)","ATA (15)","ACTGTACCA (86)","ACTATACCA (15)",15,2120,4,107,0.708,3.6711769211131,0.192853685674548,"False","True"
9,"P","L","CCA (21)","CTA","GTACCAGTG (21)","GTACTAGTG",1,2120,1,107,0.047,0,Inf,"False","False"
9,"P","S","CCA (139), CCT (5)","TCA (8), TCT (1)","GTACCAGTA (139), GTACCTGTA (5)","GTATCAGTA (8), GTATCTGTA (1)",9,2120,4,107,0.425,0.0504999495000505,8.41585,"False","True"
10,"V","A","","GCA (16)","","CCAGCAAAA (16)",16,2120,1,107,0.755,0.0301826047587907,25.0144083333333,"False","True"
10,"V","G","GTA (67)","GGA","CCAGTAAAA (66), CCGGTAAAA (1)","CCAGGAAAA",1,2120,1,107,0.047,0.0100608682529302,4.671565,"False","True"
10,"V","I","GTA (19)","ATA","CCAGTAAAA (17), CCTGTAAAA (2)","CCAATAAAA",1,2120,1,107,0.047,0.0251521706323256,1.868626,"False","True"
11,"K","R","AAA (110)","AGA (3)","GTAAAATTA (110)","GTAAGATTA (3)",3,2120,2,107,0.142,0.535299464700535,0.265272075471698,"False","True"
11,"K","T","","ACA (192)","","GTAACATTA (160), GTAACATTG (32)",192,2120,2,107,9.057,0.434299565700434,20.8542690697674,"False","True"
13,"K","N","AAG (79)","AAT","TTAAAGCCA (79)","TTAAATCCA",1,2120,1,107,0.047,0.0399880035989203,1.1753525,"False","True"
13,"K","R","AAG (43)","AGG (11)","TTAAAGCCA (43)","TTAAGGCCA (11)",11,2120,1,107,0.519,0.0799760071978406,6.48944625,"False","True"
13,"K","X","AAG (58)","RAG","TTAAAGCCA (58)","TTARAGCCA",1,2120,1,107,0.047,NA,NA,"False",NA
14,"P","L","CCA (174)","CTA (3)","AAGCCAGGA (174)","AAGCTAGGA (3)",3,2120,3,107,0.142,0.0249301954527324,5.695904,"False","True"
14,"P","S","CCA (17)","TCA (11)","AAGCCAGGA (17)","AAGTCAGGA (11)",11,2120,2,107,0.519,0.0598324690865576,8.67422,"False","True"
15,"G","R","GGA (57)","AGA","CCAGGAATG (57)","CCAAGAATG",1,2120,1,107,0.047,0.0248299150816904,1.892878,"True","False"
17,"D","X","GAC (110)","GRC","ATGGACGGG (72), ATGGACGGC (38)","ATGGRCGGC",1,2120,1,107,0.047,NA,NA,"False",NA
18,"G","X","GGC (68)","GG- (2)","GATGGCCCA (67), GATGGCYCA (1)","GATGG-CCA (2)",2,2120,2,107,0.094,NA,NA,"False",NA
19,"P","X","CCA (15)","YCA","GGCCCAAAG (14), GG-CCAAAG (1)","GGCYCAAAG",1,2120,1,107,0.047,NA,NA,"False",NA
20,"K","R","AAG (103), AAA (7), ACG (1)","AGG (272), AGA (91)","CCAAAGGTT (66), CCAAAGGTC (37), CCAAAAGTT (7), CCAACGGTT (1)","CCAAGGGTT (271), CCAAGAGTT (91), CCAAGGGTC (1)",363,2120,16,107,17.123,10.599124704462,1.61551075937352,"False","True"
20,"K","T","AAG (62), AGG (7)","ACG","CCAAAGGTT (62), CCAAGGGTT (7)","CCAACGGTT",1,2120,1,107,0.047,0.0150913023793953,3.11437666666667,"False","True"
21,"V","I","GTC (57)","ATT (116), ATC (1)","AAGGTCAAA (57)","AAGATTAAA (116), AAGATCAAA (1)",117,2120,3,107,5.519,1.75640105288347,3.14222084468665,"False","True"
22,"K","X","AAA (9)","ARA","GTTAAACAA (9)","GTTARACAA",1,2120,1,107,0.047,NA,NA,"False",NA
23,"Q","-","CAA (22)","---","AAACAATGG (22)","AAA---TGG",1,2120,1,107,0.047,0,Inf,"False","False"
23,"Q","X","CAA (11)","YAA","AAACAATGG (11)","AAAYAATGG",1,2120,1,107,0.047,NA,NA,"False",NA
25,"P","S","CCA (59)","TCA (2)","TGGCCATTG (59)","TGGTCATTG (2)",2,2120,2,107,0.094,0.00473776472260388,19.84058,"False","False"
27,"T","S","ACA (57)","TCA (168)","TTGACAGAA (46), TTAACAGAA (10), TTGACAGAG (1)","TTGTCAGAA (116), TTATCAGAA (44), TTATCAGAG (8)",168,2120,10,107,7.925,3.38878911050194,2.33859344490934,"False","True"
28,"E","G","GAA (58)","GGA","ACAGAAGAA (58)","ACAGGAGAA",1,2120,1,107,0.047,0.104191333175468,0.451093181818182,"False","True"
29,"E","G","GAA (6)","GGA","GAAGAAAAA (6)","GAAGGAAAA",1,2120,1,107,0.047,0.0188040616773223,2.49946,"False","True"
29,"E","K","GAA (151), GAG (42)","AAA (2), AAG (1)","GAAGAAAAA (84), GAAGAAAAG (67), GAAGAGAAA (42)","GAAAAAAAA, GAAAAAAAG, GAAAAGAAA",3,2120,3,107,0.142,0.0282060925159835,5.03437333333333,"False","True"
31,"I","L","ATA (8)","TTA (60), CTA (2)","AAAATAAAG (7), AAAATAAAA (1)","AAATTAAAG (60), AAACTAAAG (2)",62,2120,1,107,2.925,0.610902255639098,4.788,"False","True"
31,"I","R","ATA (67)","AGA","AAGATAAAA (67)","AAGAGAAAA",1,2120,1,107,0.047,0.140977443609023,0.333386666666667,"False","True"
31,"I","X","ATA (186)","TA-","AAAATAAAA (186)","AAATA-AAA",1,2120,1,107,0.047,NA,NA,"False",NA
32,"K","E","AAA (21)","GAA (7)","ATAAAAGCA (21)","ATAGAAGCA (7)",7,2120,3,107,0.33,2.63431215182702,0.125269892473118,"False","True"
32,"K","R","AAA (19)","AGA (2)","ATAAAAGCA (19)","ATAAGAGCA (2)",2,2120,2,107,0.094,1.5862524785195,0.0592591666666667,"False","True"
33,"A","I","GCA (39), GTA (30)","ATA","AAGGCATTA (38), AAGGTATTA (30), AAAGCATTA (1)","AAGATATTA",1,2120,1,107,0.047,0,Inf,"False","False"
33,"A","T","GCA (107)","ACA","AAAGCATTA (107)","AAAACATTA",1,2120,1,107,0.047,0.0140508641281439,3.34499,"False","True"
33,"A","V","GCA (39), ATA (1)","GTA (30)","AAGGCATTA (38), AAAGCATTA (1), AAGATATTA (1)","AAGGTATTA (30)",30,2120,1,107,1.415,0.0468362137604796,30.211665,"False","True"
33,"A","X","GCA (107)","GYA","AAAGCATTA (107)","AAAGYATTA",1,2120,1,107,0.047,NA,NA,"False",NA
34,"L","F","TTA (186)","TTT","GCATTAACA (186)","GCATTTACA",1,2120,1,107,0.047,0.0326782129685822,1.43826714285714,"False","True"
35,"V","K","","AAA (16)","","TTAAAAGCA (12), TTAAAAGAA (4)",16,2120,2,107,0.755,3.4398150332657,0.219488545953361,"False","True"
35,"V","Q","","CAA (6)","","TTACAAGCA (6)",6,2120,2,107,0.283,0.165148869909876,1.71360542857143,"False","True"
35,"V","T","","ACA (2090), ACT (6), ACG (1), ACC (1)","","TTAACAGCA (1248), TTAACAGAA (691), TTGACAGCA (72), TTAACAGTA (25), TTAACAGCC (17), TTAACAGCT (14), TTGACAGAA (7), TTAACAGAG (7), TTAACTGCA (5), TTAACAATA (4), TTAACTGCT (1), TTAACGGAA (1), TTAACCGAA (1), CTAACAGAA (1), TTAACAGGA (1), TTGACAGTA (1), CTAACAGCA (1), TTTACAGAA (1)",2098,2120,103,107,98.962,92.0115132355023,1.07553931589744,"False","True"
36,"E","A","GAA (90), GTA (22)","GCA (1344), GCC (17), GCT (15)","ACAGAAATT (86), ACAGTAATT (22), ACAGAAATA (2), ACGGAAATT (1), ACCGAAATT (1)","ACAGCAATT (1301), ACAGCCATT (16), ACAGCTATT (14), AAAGCAATT (12), ACAGCAATA (10), ACAGCAATC (9), CAAGCAATT (6), ACTGCAATT (5), ACTGCTATT (1), ACAGCAAKT (1), ACAGCCATC (1)",1376,2120,79,107,64.906,58.0899917125725,1.11733532896945,"False","True"
36,"E","G","GAA (62)","GGA","ACAGAAATT (61), ACAGAAATC (1)","ACAGGAATT",1,2120,1,107,0.047,0.0341247014088627,1.37730142857143,"False","True"
36,"E","I","","ATA (4)","","ACAATAATT (4)",4,2120,1,107,0.189,0.0828742748500951,2.28056294117647,"False","True"
36,"E","V","GCA (117), GAA (8)","GTA (26)","ACAGCAATT (117), ACAGAAATT (8)","ACAGTAATT (26)",26,2120,3,107,1.226,0.282747525959148,4.33602379310345,"False","True"
37,"I","X","ATT (107)","AKT","GCAATTTGT (107)","GCAAKTTGT",1,2120,1,107,0.047,NA,NA,"False",NA
38,"C","R","TGT (29)","CGT","ATTTGTGAA (29)","ATTCGTGAA",1,2120,1,107,0.047,0.0086647604193744,5.42427,"False","False"
39,"T","A","GAA (21), GAG (1)","GCA (44)","TGTGAAGAA (21), TGTGAGGAA (1)","TGTGCAGAA (44)",44,2120,4,107,2.075,1.52617568766637,1.35960755813954,"False","True"
39,"T","D","GAA (94), AAA (1)","GAT (52), GAC (44)","TGTGAAGAA (94), TGTAAAGAA (1)","TGTGACGAA (44), TGTGATGAA (41), TGTGATGAG (11)",96,2120,11,107,4.528,20.5944986690328,0.219864541146058,"False","True"
39,"T","E","AAA (9), ATG (8), GCA (8), GA- (2), CAA (1), GAC (1), ACA (1)","GAA (1406), GAG (181)","TGTATGGAG (8), TGTAAAGAA (8), TGTGCAGAA (8), TGTGA-AGA (2), TGTCAAGAA (1), TGTAAAGAG (1), TGTGACGAA (1), TGTACAGAA (1)","TGTGAAGAA (1187), TGTGAAGAG (179), TGTGAGGAA (124), TGTGAAGAT (27), TGCGAGGAA (21), TGTGAGGAT (20), TGTGAGGAC (15), TGTGAAGAC (8), TGCGAAGAA (2), TGTGAGGAG (1), CGTGAAGAG (1), TGYGAAGAC (1), TGYGAAGAA (1)",1587,2120,81,107,74.858,70.226264418811,1.06595446332681,"False","True"
39,"T","K","GAA (613), GAG (2), CAA (1), GAC (1)","AAA (98)","TGTGAAGAA (527), TGTGAAGAG (84), TGCGAAGAA (2), TGTGAGGAA (2), TGTCAAGAA (1), TGTGACGAA (1)","TGTAAAGAA (87), TGCAAAGAA (6), TGTAAAGAC (4), TGTAAAGAG (1)",98,2120,14,107,4.623,3.16770186335404,1.45941764705882,"False","True"
39,"T","M","GAG (4)","ATG (8)","TGTGAGGAA (4)","TGTATGGAG (8)",8,2120,1,107,0.377,0.062111801242236,6.0697,"False","True"
39,"T","N","","AAT (196)","","TGTAATGAA (196)",196,2120,2,107,9.245,2.3469387755102,3.93917391304348,"False","True"
39,"T","Q","GAA (17), AAA (1), GAG (1)","CAA","TGTGAAGAA (17), TGTAAAGAA (1), TGTGAGGAA (1)","TGTCAAGAA",1,2120,1,107,0.047,0.190771960958296,0.246367441860465,"False","True"
39,"T","R","","AGA (26)","","TGTAGAGAA (25), TGTAGAGAC (1)",26,2120,2,107,1.226,0.301685891748004,4.06382941176471,"False","True"
39,"T","X","GAA (62)","GA- (2)","TGTGAAGAA (62)","TGTGA-AGA (2)",2,2120,2,107,0.094,NA,NA,"False",NA
40,"E","D","GAA (19)","GAT (47), GAC (29)","AGAGAAATG (18), GAAGAAATG (1)","GAAGATATG (27), GAGGATATG (20), GAGGACATG (15), GAAGACATG (9), AAAGACATG (4), AGAGACATG (1)",76,2120,10,107,3.585,6.24675324675325,0.573898128898129,"False","True"
40,"E","R","GAA (62)","AGA (2)","GAAGAAATG (62)","GA-AGAATG (2)",2,2120,2,107,0.094,0.0432900432900433,2.1714,"False","True"
41,"M","I","ATG (57)","ATA","GAGATGGAG (20), GAAATGGAG (19), GAAATGGAA (17), GAGATGGAA (1)","GAAATAGAA",1,2120,1,107,0.047,0.00847026935456547,5.54882,"True","False"
41,"M","R","ATG (186)","AGG","GAAATGGAG (186)","GAAAGGGAG",1,2120,1,107,0.047,0.00847026935456547,5.54882,"False","False"
42,"E","G","GAA (110)","GGA","ATGGAAAAG (110)","ATGGGAAAG",1,2120,1,107,0.047,0.0292385447558581,1.60746714285714,"False","True"
43,"K","A","","GCG (9)","","GAGGCGGAG (9)",9,2120,1,107,0.425,0.0126289202273206,33.6529166666667,"False","True"
43,"K","G","AAG (6)","GGA","GAGAAGGAA (6)","GAGGGA---",1,2120,1,107,0.047,0,Inf,"False","False"
43,"K","R","","AGG (16)","","GAGAGGGAA (16)",16,2120,3,107,0.755,2.81624921069249,0.268087070254111,"False","True"
44,"E","-","GAA (6)","---","AAGGAAGGA (6)","GGA---GGG",1,2120,1,107,0.047,0.00418690336627031,11.22548,"False","False"
44,"E","K","GAA (22)","AAA","AAGGAAGGA (22)","AAGAAAGAA",1,2120,1,107,0.047,0.0418690336627031,1.122548,"False","True"
45,"G","E","GGA (48)","GAA (3)","GAAGGAAAA (48)","GAAGAAAAA (2), AAAGAAAAA (1)",3,2120,3,107,0.142,0.0584697627798196,2.42860571428571,"False","True"
45,"G","R","GGA (186)","AGA","GAAGGAAAA (186)","GAAAGAAAA",1,2120,1,107,0.047,0.0626461744069496,0.750245333333333,"True","False"
46,"K","N","AAA (17)","AAT","GGAAAAATT (17)","GGAAAT---",1,2120,1,107,0.047,0.0125281884239539,3.75154,"False","True"
47,"I","-","ATT (17)","---","AAAATTACA (17)","AAT------",1,2120,1,107,0.047,0,Inf,"False","False"
47,"I","L","","CTT (28)","","AAACTTACA (28)",28,2120,1,107,1.321,0.158584425340122,8.32994789473684,"False","True"
47,"I","X","ATC (186)","TC-","AAAATCACA (186)","AAATC-ACA",1,2120,1,107,0.047,NA,NA,"False",NA
48,"S","-","ACA (17)","---","ATTACAAAA (17)","---------",1,2120,1,107,0.047,0,Inf,"False","False"
48,"S","A","ACA (136)","GCA (2)","ATTACAAAA (136)","ATTGCAAAA (2)",2,2120,2,107,0.094,0.0382360438439969,2.45841333333333,"False","True"
48,"S","M","ACG (58)","ATG","ATTACGAAA (58)","ATTATGAAA",1,2120,1,107,0.047,0,Inf,"False","False"
48,"S","T","TCA (45), GCA (2), TCC (1), ATG (1), --- (1), AC- (1)","ACA (1876), ACG (77), ACC (6), ACT (1)","ATTTCAAAA (44), ATTGCAAAA (2), ATTTCCAAA (1), ATTATGAAA (1), --------- (1), ATTTCAAGA (1), ATTAC-AAA (1)","ATTACAAAA (1491), ATCACAAAA (234), ATTACAAAG (99), ATTACGAAA (77), CTTACAAAA (28), ATCACAAAG (22), ATTACCAAA (6), ATTACAAGA (1), ATCACTAAA (1), TC-ACAAAA (1)",1960,2120,100,107,92.453,80.4953691902456,1.14855054309389,"False","True"
48,"S","X","ACA (57)","AC- (2)","ATTACAAAA (57)","ATTAC-AAA (2)",2,2120,2,107,0.094,NA,NA,"False",NA
49,"K","-","AAA (17)","---","ACAAAAATT (17)","---------",1,2120,1,107,0.047,0,Inf,"False","False"
49,"K","R","AAG (53), AAA (9)","AGA (2)","ACAAAGATT (52), ACAAAAATT (9), ACAAAGATC (1)","ACAAGAATT, TCAAGAATC",2,2120,2,107,0.094,2.97129852067265,0.031636,"False","True"
50,"I","-","ATT (17)","---","AAAATTGGG (17)","---------",1,2120,1,107,0.047,0,Inf,"False","False"
50,"I","V","ATT (14)","GTT (25)","AAAATTGGG (14)","AAAGTTGGG (25)",25,2120,3,107,1.179,0.351199933104775,3.35706214285714,"False","True"
51,"G","-","GGG (17)","---","ATTGGGCCT (17)","---------",1,2120,1,107,0.047,0,Inf,"False","False"
51,"G","X","GGG (84)","GG-","ATTGGGCCT (84)","ATTGG-CCT",1,2120,1,107,0.047,NA,NA,"False",NA
52,"P","-","CCT (17)","---","GGGCCTGAA (17)","---------",1,2120,1,107,0.047,0,Inf,"False","False"
52,"P","S","CCT (107)","TCT","GGGCCTGAA (106), GGGCCTGAG (1)","GGGTCTGAA",1,2120,1,107,0.047,0.0125083388925951,3.75749333333333,"False","True"
53,"E","-","GAA (17)","---","CCTGAAAAT (17)","---------",1,2120,1,107,0.047,0,Inf,"False","False"
53,"E","D","GAA (7)","GAC (28)","CCTGAAAAT (7)","CCTGACAAT (28)",28,2120,3,107,1.321,3.49110439744881,0.378390288461538,"False","True"
53,"E","K","GAA (265)","AAA (2)","CCTGAAAAT (264), CCGGAAAAT (1)","CCTAAAAAT (2)",2,2120,2,107,0.094,0.0209801946962068,4.480416,"True","False"
53,"E","Q","","CAA","","CCTCAAAAT",1,2120,1,107,0.047,0.00839207787848271,5.60052,"False","False"
53,"E","X","GAA (29)","GRA","CCTGAAAAT (29)","CCTGRAAAT",1,2120,1,107,0.047,NA,NA,"False",NA
54,"N","-","AAT (17)","---","GAAAATCCA (17)","---------",1,2120,1,107,0.047,0,Inf,"False","False"
55,"P","-","CCA (17)","---","AATCCATAT (16), AATCCATAC (1)","---------",1,2120,1,107,0.047,0,Inf,"False","False"
56,"Y","-","TAT (16), TAC (1)","---","CCATATAAT (16), CCATACAAT (1)","------AAT",1,2120,1,107,0.047,0,Inf,"False","False"
56,"Y","*","TAT (67)","TAA","CCATATAAT (66), CCATATAT- (1)","CCATAAAAT",1,2120,1,107,0.047,NA,NA,"False",NA
57,"N","X","AAT (67)","AT-","TATAATACT (66), TAAAATACT (1)","TATAT-ACT",1,2120,1,107,0.047,NA,NA,"False",NA
60,"V","I","GTA (45)","ATA (620)","CCAGTATTT (24), CCAGTATTC (21)","CCAATATTT (613), CCCATATTT (5), CCAATATTC (1), CCAATATT- (1)",620,2120,37,107,29.245,40.2652406417112,0.726308834466638,"False","True"
61,"F","X","TTT (110)","TT-","ATATTTGCC (110)","ATATT-GCC",1,2120,1,107,0.047,NA,NA,"False",NA
62,"A","S","GCC (79)","TCC","TTTGCCATA (79)","TTTTCCATA",1,2120,1,107,0.047,0.0125812539316419,3.73571666666667,"False","True"
62,"A","V","GCC (62), GCA (1)","GTC (69), GTA (1)","TTTGCCATA (62), TTTGCAATA (1)","TTTGTCATA (69), TTTGTAATA (1)",70,2120,2,107,3.302,1.90815684629901,1.73046571428571,"False","True"
63,"I","X","ATA (186)","AT-","GCCATAAAA (186)","GCCAT-AAA",1,2120,1,107,0.047,NA,NA,"False",NA
64,"K","R","","AGA (5)","","ATAAGAAAG (4), ATAAGAAAA (1)",5,2120,2,107,0.236,0.841779043470977,0.280358606965174,"False","True"
66,"K","R","AAG (9)","AGG","AAGAAGGAC (9)","AAGAGGGAC",1,2120,1,107,0.047,0.0416770859381512,1.127718,"False","True"
66,"K","X","AAG (4)","ARG","AAGAAGGAC (4)","AAGARGGAC",1,2120,1,107,0.047,NA,NA,"False",NA
67,"D","G","GAC (185), GAT (1)","GGC","AAGGACAGT (185), AAGGATAGT (1)","AAGGGCAGT",1,2120,1,107,0.047,0.723901447802896,0.0649259649122807,"False","True"
67,"D","Y","GAC (79)","TAC","AAGGACAGT (79)","AAGTACAGT",1,2120,1,107,0.047,0,Inf,"False","False"
68,"S","G","AGT (44)","GGT (32)","GACAGTACT (29), GACAGTAAT (15)","GACGGTAAT (31), GACGGTACT (1)",32,2120,2,107,1.509,2.40658644711843,0.627029210526316,"False","True"
68,"S","N","AGT (24)","AAT (2)","GACAGTACT (20), GATAGTACT (4)","GATAATACT, GACAATACT",2,2120,2,107,0.094,0.924635845471818,0.101661643835616,"False","True"
69,"T","I","ACT (84)","ATT (2)","AGTACTAAG (84)","AGTATTAAG (2)",2,2120,2,107,0.094,0.185560053981107,0.506574545454545,"False","True"
69,"T","N","ACT (24)","AAT (46)","AGTACTAAG (24)","GGTAATAAG (31), AGTAATAAG (15)",46,2120,1,107,2.17,1.30735492577598,1.65984,"False","True"
69,"T","S","ACT (19)","TCT","AGTACTAAG (10), AGCACTAAG (9)","AGTTCTAAG",1,2120,1,107,0.047,0.39642375168691,0.11856,"False","True"
71,"W","*","TGG (7)","TGA","AAGTGGAGA (7)","AAGTGAAGA",1,2120,1,107,0.047,NA,NA,"True",NA
72,"R","K","AGA (21)","AAA","TGGAGAAAA (21)","TGGAAAAAA",1,2120,1,107,0.047,0.0458486162054018,1.02511272727273,"False","True"
73,"K","E","AAA (19)","GAA","AGAAAATTA (19)","AGAGAATTA",1,2120,1,107,0.047,0.00416701391782649,11.27906,"False","False"
75,"V","I","GTA (6), ACA (1)","ATA (63)","TTAGTAGAT (6), TTAACAGAT (1)","TTAATAGAC (35), TTAATAGAT (27), CTAATAGAC (1)",63,2120,1,107,2.972,0.988730152080104,3.00587576271186,"False","True"
75,"V","T","ATA (63), GTA (6)","ACA","TTAATAGAC (35), TTAATAGAT (27), TTAGTAGAT (6), CTAATAGAC (1)","TTAACAGAT",1,2120,1,107,0.047,0.247182538020026,0.190142881355932,"False","True"
76,"D","N","GAT (182), GAC (4)","AAT","GTAGATTTC (182), GTAGACTTC (4)","GTAAATTTC",1,2120,1,107,0.047,0.0291873410332319,1.61028714285714,"False","True"
76,"D","Y","GAT (107)","TAT","GTAGATTTC (107)","GTATATTTC",1,2120,1,107,0.047,0,Inf,"False","False"
77,"F","X","TTC (53)","TC-","GATTTCAGG (53)","GATTC-AGG",1,2120,1,107,0.047,NA,NA,"False",NA
79,"E","K","GAA (167)","AAA (2)","AGAGAACTC (109), AGGGAACTT (57), AGAGAACTT (1)","AGAAAACTC, AGGAAACTT",2,2120,2,107,0.094,0.0125078173858662,7.5153,"True","False"
79,"E","X","GAA (9)","GRA","AGGGAACTT (9)","AGGGRACTT",1,2120,1,107,0.047,NA,NA,"False",NA
82,"K","R","AAA (45)","AGA (2)","AATAAAAGA (45)","AATAGAAGA (2)",2,2120,2,107,0.094,0.467406727318254,0.201109642857143,"False","True"
83,"R","K","AGA (120)","AAA (2)","AAAAGAACT (120)","AAAAAAACT (2)",2,2120,2,107,0.094,0.0833889259506338,1.127248,"False","True"
85,"Q","*","CAA (29)","TAA","ACTCAAGAC (29)","ACTTAAGAC",1,2120,1,107,0.047,NA,NA,"False",NA
87,"F","L","TTT (186)","CTT","GACTTTTGG (186)","GACCTTTGG",1,2120,1,107,0.047,0.0708599057980076,0.663280588235294,"False","True"
87,"F","X","TTT (3)","TT-","GACTTTTGG (3)","GACTT-TGG",1,2120,1,107,0.047,NA,NA,"False",NA
88,"W","C","","TGT (138)","","TTTTGTGAA (69), TTTTGTGAG (69)",138,2120,2,107,6.509,1.69236555095901,3.84609577777778,"False","True"
89,"E","K","GAA (17)","AAA","TGGGAAGTT (17)","TGGAAAGTT",1,2120,1,107,0.047,0.0208359378255615,2.255718,"True","False"
90,"V","I","GTT (171)","ATT (32)","GAAGTTCAA (169), GAGGTTCAA (1), GAAGTTCAG (1)","GAAATTCAA (32)",32,2120,4,107,1.509,2.54476511480935,0.592982036423841,"False","True"
92,"L","V","TTA (67)","GTA","CAATTAGGG (67)","CAAGTAGGG",1,2120,1,107,0.047,0.00416614589842936,11.28141,"False","False"
93,"G","E","GGA (95)","GAA","TTAGGAATA (95)","TTAGAAATA",1,2120,1,107,0.047,0.00833263894675444,5.64047,"True","False"
95,"P","X","CCC (27)","CMC","ATACCCCAC (27)","ATACMCCAC",1,2120,1,107,0.047,NA,NA,"False",NA
96,"H","X","CAC (6)","CRC","CCACACCCA (6)","CCACRCCCA",1,2120,1,107,0.047,NA,NA,"False",NA
98,"A","G","","GGA (10)","","CCAGGAGGA (10)",10,2120,1,107,0.472,3.49449900940016,0.13506943305187,"False","True"
98,"A","S","","TCA (301)","","CCATCAGGG (300), CCATCAGGA (1)",301,2120,6,107,14.198,4.03405977321587,3.51953138975967,"False","True"
100,"L","*","TTA (67)","TGA","GGGTTAAAA (67)","GGGTGAAAA",1,2120,1,107,0.047,NA,NA,"False",NA
100,"L","I","TTA (3)","ATA","GGATTAAAA (3)","GGAATAAAA",1,2120,1,107,0.047,1.30787230486378,0.0359362300319489,"False","True"
100,"L","X","TTA (90)","TT- (2)","GGGTTAAAA (88), GGGTTAAAG (2)","GGGTT-AAA (2)",2,2120,2,107,0.094,NA,NA,"False",NA
101,"K","E","AAA (127), AGA (2)","GAA (9)","TTAAAAAAG (126), TTAAGAAAG (2), TTAAAAAAA (1)","TTAGAAAAG (9)",9,2120,2,107,0.425,3.72065429273667,0.11422722095672,"False","True"
101,"K","R","AAA (156), GAA (9)","AGA (3)","TTAAAAAAG (126), CTAAAAAAG (29), TTAGAAAAG (9), TTAAAAAAA (1)","TTAAGAAAG (2), CTAAGAAAG (1)",3,2120,3,107,0.142,0.902618866005594,0.15732,"False","True"
102,"K","Q","","CAG (25)","","AAACAGAAA (25)",25,2120,5,107,1.179,2.12378126324714,0.555141916167665,"False","True"
102,"K","R","AAG (258)","AGG (25), AGA (1)","AAAAAGAAA (249), AAAAAGAAC (7), AAGAAGAAA (2)","AAAAGGAAA (22), AAAAGGAAC (2), AAAAGAAAA (1), AAAAGGAGA (1)",26,2120,7,107,1.226,1.81008902077151,0.677314754098361,"False","True"
102,"K","T","AAG (8)","ACG","AAAAAGAAG (8)","AAAACGAAG",1,2120,1,107,0.047,0.0127172530733362,3.69576666666667,"False","True"
103,"K","N","AAA (194)","AAC (65)","AAGAAAAAA (194)","AAGAACAAA (63), AGGAACAAA (2)",65,2120,6,107,3.066,16.8221499486477,0.182259699821928,"False","True"
103,"K","R","AAA (239)","AGA (99)","AAGAAAAAA (191), AAGAAAAAG (45), AAAAAAAAA (3)","AAGAGAAAA (94), AAAAGAAAA (4), AGGAGAAAA (1)",99,2120,4,107,4.67,1.94710715508388,2.39842989010989,"False","True"
104,"K","R","","AGA (62), AGG (6)","","AAAAGATCA (62), AAAAGGTCA (6)",68,2120,4,107,3.208,2.33758603323821,1.37235590664273,"False","True"
105,"S","A","TCA (57)","GCA","AAATCAGTG (57)","AAAGCAGTG",1,2120,1,107,0.047,0.0959052622800434,0.490066956521739,"False","True"
106,"V","M","GTG (30)","ATG (66)","TCAGTGACA (30)","TCAATGACA (66)",66,2120,1,107,3.113,8.91414141414142,0.349220396600567,"False","True"
106,"V","X","GTG","RTG","TCAGTGACA","TCARTGACA",1,2120,1,107,0.047,NA,NA,"False",NA
107,"T","I","ACA (205)","ATA (2)","GTGACAGTA (194), GTGACAGTG (11)","GTGATAGTG, GTGATAGTA",2,2120,2,107,0.094,0.00833368057002375,11.27953,"False","False"
107,"T","X","ACA (110)","RCA","GTGACAGTA (103), GTGACAGTG (7)","GTGRCAGTG",1,2120,1,107,0.047,NA,NA,"False",NA
108,"V","A","GTA (84)","GCA","ACAGTACTG (84)","ACAGCACTG",1,2120,1,107,0.047,0.00420893135232964,11.16673,"False","False"
108,"V","I","GTA (67)","ATA","ACAGTACTT (67)","ACAATACTT",1,2120,1,107,0.047,3.06410202449598,0.0153389148351648,"False","True"
111,"V","A","GTG (110)","GCG","GATGTGGGG (110)","GATGCGGGG",1,2120,1,107,0.047,0.00417310019613571,11.26261,"False","False"
111,"V","I","GTG (67), GTT (1)","ATA (2)","GATGTGGGG (67), GATGTTGGG (1)","GATATAGGG (2)",2,2120,1,107,0.094,0.283770813337228,0.331253235294118,"False","True"
112,"G","E","GGG (58)","GAG","GTGGGGGAT (58)","GTGGAGGAT",1,2120,1,107,0.047,0.0249885469159968,1.88086166666667,"True","False"
113,"D","N","GAT (84)","AAT","GGGGATGCA (84)","GGGAATGCA",1,2120,1,107,0.047,0.0166659722511562,2.8201175,"False","True"
113,"D","V","GAT (9)","GTT","GGGGATGCA (9)","GGGGTTGCA",1,2120,1,107,0.047,0,Inf,"False","False"
113,"D","X","GAT (22)","GRT","GGAGATGCA (22)","GGAGRTGCA",1,2120,1,107,0.047,NA,NA,"False",NA
114,"A","T","GCA (186)","ACA","GATGCATAT (186)","GATACATAT",1,2120,1,107,0.047,0.00832916874895885,5.64282,"False","False"
115,"Y","X","TAT (3)","YAT","GCATATTTT (3)","GCAYATTTT",1,2120,1,107,0.047,NA,NA,"False",NA
117,"S","X","TCA (8)","CA-","TTTTCAGTT (8)","TTTCA-GTT",1,2120,1,107,0.047,NA,NA,"False",NA
118,"V","I","GTT (19)","ATT (18), ATC (10)","TCAGTTCCT (19)","TCAATTCCT (12), TCAATCCCT (10), TCAATTCCC (6)",28,2120,5,107,1.321,3.74149659863946,0.353067272727273,"False","True"
119,"P","L","CCT (10)","CTT","GTTCCTTTA (10)","GTTCTTTTA",1,2120,1,107,0.047,0,Inf,"False","False"
120,"L","*","TTA (67)","TGA","CCTTTAGAT (67)","CCTTGAGAT",1,2120,1,107,0.047,NA,NA,"False",NA
120,"L","S","TTA (148)","TCA (2)","CCTTTAGAT (147), CCCTTAGAT (1)","CCTTCAGAT (2)",2,2120,2,107,0.094,0,Inf,"False","False"
120,"L","X","TTA (29)","AA-","CCTTTAGAT (21), CCTTTAGAC (8)","CCGAA----",1,2120,1,107,0.047,NA,NA,"False",NA
121,"D","-","GAT (21), GAC (8)","---","TTAGATGAA (20), TTAGACGAA (8), TTAGATGAG (1)","AA-------",1,2120,1,107,0.047,0.00423441734417344,11.09952,"False","False"
121,"D","C","TAT (83)","TGT (2)","TTATATGAA (83)","TTATGTGAA (2)",2,2120,1,107,0.094,0.24559620596206,0.382742068965517,"False","True"
121,"D","H","TAT (12)","CAT (33)","TTATATGAA (12)","TTACATGAA (33)",33,2120,5,107,1.557,5.46239837398374,0.285039627906977,"False","True"
121,"D","N","GAT (28), GAC (1)","AAT","TTAGATGAA (28), TTAGACGAA (1)","TTAAATGAA",1,2120,1,107,0.047,0.0423441734417344,1.109952,"False","True"
121,"D","X","GAT (3)","GRT","TTAGATGAA (3)","TTAGRTGAA",1,2120,1,107,0.047,NA,NA,"False",NA
121,"D","Y","CAT (3), GAT (3), TGT (2)","TAT (166)","TTACATGAA (3), TTAGATGAA (3), TTATGTGAA (2)","TTATATGAA (165), TTATATAAA (1)",166,2120,6,107,7.83,10.8782181571816,0.719786998832231,"False","True"
122,"K","-","GAA (28), GAG (1)","---","GATGAAGGC (20), GACGAAGGC (8), GATGAGGGC (1)","------GGC",1,2120,1,107,0.047,0.00846847609772621,5.549995,"False","False"
122,"K","A","GTA (7)","GCA (78)","GATGTAAAC (7)","GATGCAGAC (72), GATGCAGAA (6)",78,2120,3,107,3.679,0.444594995130626,8.27494695238095,"False","True"
122,"K","E","AAA (112), GGA (3), --- (1)","GAA (1726), GAG (7)","GATAAAGAT (106), GATAAAAAT (2), GATAAAGGT (2), GATGGAAAC (2), ------GGC (1), GATGGAAGC (1), GATAAAAGC (1), TATAAAGGC (1)","GATGAAAGC (592), GATGAAAAC (444), GATGAAGAC (197), GATGAAGGC (176), TATGAAGAC (96), TATGAAGGC (58), GATGAAGAT (53), CATGAAGAC (32), GATGAAAAT (26), GATGAAGGT (18), TATGAAGAT (10), GACGAAGGC (8), GATGAGGAT (6), GATGAAAGT (4), GACGAAAGC (3), TGTGAAGAC (2), GATGAAGGA (1), CATGAAAGC (1), GATGAGGGC (1), TATGAAAAC (1), GRTGAAGGC (1), GATGAACAC (1), AATGAAGAC (1), GACGAAGAC (1)",1733,2120,99,107,81.745,90.0918829656603,0.907351442872585,"False","True"
122,"K","G","GAA (93), AAA (1)","GGA (3)","GATGAAAGC (77), GATGAAAAC (15), GATGAAAGT (1), GATAAAAGC (1)","GATGGAAAC (2), GATGGAAGC (1)",3,2120,3,107,0.142,0.00423423804886311,33.53614,"False","False"
122,"K","V","GCA (4)","GTA (7)","GATGCAGAC (4)","GATGTAAAC (7)",7,2120,1,107,0.33,0.0931532370749884,3.54255,"False","True"
123,"D","E","","GAA (6)","","GCAGAATTC (6)",6,2120,1,107,0.283,3.96158999553372,0.0714359639233371,"False","True"
123,"D","G","GAT (136), GAC (130), AGC (18), AAT (2)","GGC (246), GGT (26), GGA (1)","AAAGATTTC (133), GAAGACTTC (130), GAAAGCTTC (18), GAAGATTTC (3), AAAAATTTC (2)","GAAGGCTTC (236), GAAGGTTTC (18), AAAGGTTTC (8), GAAGGCTTT (7), GAAGGATTC (1), ---GGCTTC (1), GAGGGCTTC (1), AAAGGCTTC (1)",273,2120,31,107,12.877,17.5658776239393,0.73306898042207,"False","True"
123,"D","H","AAC (27)","CAC","GAAAACTTT (27)","GAACACTTT",1,2120,1,107,0.047,0.0133988387673068,3.50776666666667,"False","True"
123,"D","N","GAT (111), GAC (94), AGC (65), AGT (1), GGT (1), CAC (1)","AAC (454), AAT (28)","AAAGATTTC (106), GAAGACTTC (89), GAAAGCTTC (65), GAAGATTTC (5), GCAGACTTT (2), GCAGACTTC (2), GAAAGTTTC (1), GAAGACTTT (1), AAAGGTTTC (1), GAACACTTT (1)","GAAAACTTC (389), GAAAACTTT (56), GAAAATTTC (24), GTAAACTTC (7), AAAAATTTC (2), GAAAATTTT (2), GGAAACTTC (2)",482,2120,35,107,22.736,15.7302367128182,1.44536922203294,"False","True"
123,"D","S","GGC (96), AAC (54), GAC (20), GAT (2), GGT (1)","AGC (598), AGT (4)","GAAGGCTTC (95), GAAAACTTC (54), GAAGACTTC (20), GAAGATTTC (2), AAAGGCTTC (1), GAAGGTTTC (1)","GAAAGCTTC (382), GAAAGCTTT (214), GAAAGTTTC (2), GAAAGTTTT (2), GGAAGCTTT (1), AAAAGCTTT (1)",602,2120,25,107,28.396,24.3412237606074,1.16658062385321,"False","True"
123,"D","X","GAC (94), GAT (1)","GRC","AAAGACTTC (94), AAAGATTTC (1)","AAAGRCTTC",1,2120,1,107,0.047,NA,NA,"False",NA
125,"R","X","AGA (57)","NGA","TTCAGAAAA (56), TTCAGAAAG (1)","TTCNGAAAA",1,2120,1,107,0.047,NA,NA,"False",NA
126,"K","E","AAA (42)","GAA","AGAAAATAT (42)","AGAGAATAT",1,2120,1,107,0.047,0.00833889259506337,5.63624,"False","False"
126,"K","R","AAA (408), AAG (1)","AGA (6)","AGGAAATAT (404), AGGAAAAT- (4), AGGAAGTAT (1)","AGGAGATAT (6)",6,2120,4,107,0.283,0.0958972648432288,2.9510747826087,"False","True"
126,"K","X","AAA (27)","RAA","AGAAAATAT (27)","AGARAATAT",1,2120,1,107,0.047,NA,NA,"False",NA
127,"Y","*","TAT (67)","TAG","AAATATACT (66), AAATATACC (1)","AAATAGACT",1,2120,1,107,0.047,NA,NA,"False",NA
127,"Y","X","TAT (110)","AT- (4), TRT (1)","AAATATACT (109), AGATATACT (1)","AAAAT-ACT (4), AAATRTACT (1)",5,2120,2,107,0.236,NA,NA,"False",NA
128,"T","N","ACT (53)","AAT","TATACTGCA (53)","TATAATGCA",1,2120,1,107,0.047,0,Inf,"False","False"
129,"A","T","GCA (24)","ACA","ACTGCATTC (24)","ACTACATTC",1,2120,1,107,0.047,0.00833055648117294,5.64188,"False","False"
132,"I","V","ATA (65)","GTA (5)","ACCATACCT (65)","ACCGTACCT (5)",5,2120,1,107,0.236,0.13759746487095,1.71514787878788,"False","True"
135,"I","K","ACA (3)","AAA (12)","AGTACAAAC (3)","AGTAAAAAC (12)",12,2120,2,107,0.566,1.04870861501127,0.539711404958678,"False","True"
135,"I","L","ACA (35), GTA (10), ATA (5), ACG (1)","CTA (24), TTA (1)","AGTACAAAC (35), AGTGTAAAC (10), AGTATAAAC (5), AGTACGAAC (1)","AGTCTAAAC (24), AGTTTAAAC (1)",25,2120,2,107,1.179,2.30109204368175,0.512365423728814,"False","True"
135,"I","M","ATA (149), AGG (8), ACA (1)","ATG (3)","AGTATAAAC (149), AGTAGGAAC (8), AGTACAAAC (1)","AGTATGAAC (3)",3,2120,3,107,0.142,1.40405616224649,0.101135555555556,"False","True"
135,"I","R","ATA (54), ATG (1)","AGA (52), AGG (8)","AGTATAAAC (54), AGTATGAAC (1)","AGTAGAAAC (52), AGTAGGAAC (8)",60,2120,6,107,2.83,5.89790258276998,0.479831594415871,"False","True"
135,"I","T","ATA (103), CTA (18), GTA (10), AAA (7), TTA (1), ATG (1)","ACA (334), ACG (1)","AGTATAAAC (84), AGCATAAAT (19), AGTCTAAAC (18), AGTGTAAAC (10), AGTAAAAAC (7), AGTTTAAAC (1), AGTATGAAC (1)","AGTACAAAC (223), AGCACAAAC (92), AGTACAAAT (19), AGTACGAAC (1)",335,2120,13,107,15.802,16.250650026001,0.972391872,"False","True"
135,"I","V","ACA (35), CTA (18), ATA (5), TTA (1), ACG (1)","GTA (39)","AGTACAAAC (35), AGTCTAAAC (18), AGTATAAAC (5), AGTTTAAAC (1), AGTACGAAC (1)","AGTGTAAAC (39)",39,2120,3,107,1.84,6.12757843647079,0.300281753889675,"False","True"
137,"N","X","AAT (53)","ANT","AACAATGAG (53)","AACANTGAG",1,2120,1,107,0.047,NA,NA,"False",NA
138,"E","A","GAG (29), GAA (8), GTA (1)","GCA (449), GCG (9)","AATGAGACA (29), AATGAAACA (8), AACGTAACA (1)","AATGCAACA (418), AACGCAACA (22), AATGCGACA (9), AATGCAACG (4), AATGCAATA (3), AATGCAAGA (1), AATGCAGCA (1)",458,2120,13,107,21.604,6.26129344034962,3.4504052885906,"False","True"
138,"E","V","GCA (20)","GTA","AACGCAACA (20)","AACGTAACA",1,2120,1,107,0.047,0.0126066310879523,3.72819666666667,"False","True"
139,"T","A","ACA (34), ATA (3)","GCA (14)","GAAACACCA (26), GCAACACCA (7), GCAATACCA (3), GAGACACCA (1)","GAAGCACCA (13), GCAGCACCA (1)",14,2120,4,107,0.66,2.19460825610784,0.300737044145873,"False","True"
139,"T","I","ACA (7), GCA (1)","ATA (7)","GCAACACCA (7), GCAGCACCA (1)","GAGATACCA (4), GCAATACCA (3)",7,2120,2,107,0.33,0.14743049705139,2.23834285714286,"False","True"
139,"T","R","ACA (68), ACG (1)","AGA","GCAACACCA (68), GCAACGCCA (1)","GCAAGACCA",1,2120,1,107,0.047,0.497051390058972,0.0945576271186441,"False","True"
140,"P","L","CCA (84)","CTA","ACACCAGGG (84)","ACACTAGGG",1,2120,1,107,0.047,0,Inf,"False","False"
141,"G","R","GGG (184), GGA (2)","AGG","CCAGGGATT (184), CCAGGAATT (2)","CCAAGGATT",1,2120,1,107,0.047,0.0249989583767343,1.88007833333333,"True","False"
142,"I","K","","AAA","","GGGAAAAGA",1,2120,1,107,0.047,0.250010593669223,0.187992033898305,"False","True"
142,"I","M","ATT (53)","ATG","GGAATTAGA (27), GGGATTAGA (26)","GGAATGAGA",1,2120,1,107,0.047,0.118649095300648,0.396126071428571,"False","True"
142,"I","S","ATT (63), ACT (4), GTT (1)","AGT (12)","GGGATTAGA (57), GGAATTAGA (6), GGAACTAGA (4), GGAGTTAGA (1)","GGGAGTAGA (11), GGAAGTAGA (1)",12,2120,3,107,0.566,0.0169498707572355,33.392585,"False","True"
142,"I","T","ATT (5), GTT (1), AGT (1)","ACT (9)","GGAATTAGA (5), GGAGTTAGA (1), GGAAGTAGA (1)","GGGACTAGG (5), GGAACTAGA (4)",9,2120,2,107,0.425,1.29242764523921,0.328838524590164,"False","True"
142,"I","V","ATT (34), ACT (4), AGT (1)","GTT (40)","GGAATTAGA (34), GGAACTAGA (4), GGAAGTAGA (1)","GGAGTTAGA (34), GGGGTTAGA (6)",40,2120,7,107,1.887,4.53409042756049,0.416180495327103,"False","True"
143,"R","*","AGA (11)","TGA","ATTAGATAT (11)","ATTTGATAT",1,2120,1,107,0.047,NA,NA,"False",NA
146,"Y","H","TAT (27)","CAT","CAATATAAT (27)","CAACATAAT",1,2120,1,107,0.047,0.00833055648117294,5.64188,"False","False"
147,"N","K","AAT (110)","AAA","TATAATGTG (110)","TATAAAGTG",1,2120,1,107,0.047,0.0125026047093144,3.75921666666667,"False","True"
149,"L","X","CTT (8)","YTT","GTGCTTCCA (8)","GTGYTTCCA",1,2120,1,107,0.047,NA,NA,"False",NA
151,"Q","M","CAG (39)","ATG (31)","CCACAGGGA (39)","CCAATGGGA (31)",31,2120,1,107,1.462,0.771347565043362,1.89538421621622,"False","True"
151,"Q","X","CAG (56), CAA (1)","NAG","CCACAGGGA (29), CCACAGGGC (27), CCACAAGGA (1)","CCANAGGGA",1,2120,1,107,0.047,NA,NA,"False",NA
153,"W","*","TGG (45)","TGA, TAG","GGATGGAAG (24), GGATGGAAA (20), GGGTGGAAA (1)","GGATGAAAA, GGATAGAAG",2,2120,2,107,0.094,NA,NA,"True",NA
153,"W","X","TGG (79)","A--","GGATGGAAA (79)","GGAA--AAA",1,2120,1,107,0.047,NA,NA,"False",NA
154,"K","E","AAA (69)","GAA","TGGAAAGGA (67), TGGAAAGGG (2)","TGGGAAGGA",1,2120,1,107,0.047,0.0416527824058647,1.128376,"False","True"
154,"K","R","AAA (67)","AGA","TGGAAAGGA (67)","TGGAGAGGA",1,2120,1,107,0.047,0.0124958347217594,3.76125333333333,"False","True"
155,"G","E","GGA (24)","GAA","AAGGGATCA (24)","AAGGAATCA",1,2120,1,107,0.047,0.0166604190095381,2.8210575,"True","False"
156,"S","X","TCA (7)","T--","GGATCACCA (7)","GGAT-----",1,2120,1,107,0.047,NA,NA,"False",NA
157,"P","-","CCA (7)","---","TCACCAGCA (7)","T--------",1,2120,1,107,0.047,0,Inf,"False","False"
157,"P","X","CCA (4)","CYA","TCACCAGCA (4)","TCACYAGCA",1,2120,1,107,0.047,NA,NA,"False",NA
158,"A","-","GCA (7)","---","CCAGCAATA (7)","---------",1,2120,1,107,0.047,0,Inf,"False","False"
158,"A","S","GCA (93)","TCA (49), TCG (29)","CCAGCAATA (93)","CCATCAATA (43), CCATCGATA (29), CCGTCAATC (6)",78,2120,5,107,3.679,8.76719264197114,0.419632617901829,"False","True"
159,"I","-","ATA (7)","---","GCAATATTC (7)","---------",1,2120,1,107,0.047,0,Inf,"False","False"
159,"I","M","ATA (8)","ATG","GCAATATTC (8)","GCAATGTTC",1,2120,1,107,0.047,0.00834898768524316,5.629425,"False","False"
159,"I","V","","GTA (6)","","GCAGTATTC (6)",6,2120,1,107,0.283,0.5802546441244,0.48771690647482,"False","True"
160,"F","-","TTC (7)","---","ATATTCCAG (7)","---------",1,2120,1,107,0.047,0,Inf,"False","False"
161,"Q","-","CAG (7)","---","TTCCAGAGT (7)","---------",1,2120,1,107,0.047,0,Inf,"False","False"
162,"S","-","AGT (7)","---","CAGAGTAGC (7)","---------",1,2120,1,107,0.047,0,Inf,"False","False"
162,"S","A","","GCT (35)","","CAGGCTAGC (30), CAAGCTAGC (5)",35,2120,4,107,1.651,9.39857636076893,0.175664902494331,"False","True"
162,"S","C","AGT (82)","TGT (351), TGC (26)","CAAAGTAGC (42), CAGAGTAGC (40)","CAGTGTAGC (233), CAATGTAGC (114), CAGTGCAGC (26), CAGTGTAGT (4)",377,2120,19,107,17.783,11.776991603086,1.50997815056098,"False","True"
162,"S","D","","GAT (23)","","CAGGATAGC (23)",23,2120,1,107,1.085,0.468863219811602,2.31410772727273,"False","True"
162,"S","G","AGT (29)","GGT","CAGAGTAGT (29)","CAGGGTAGT",1,2120,1,107,0.047,0.149183751758237,0.315047714285714,"False","True"
162,"S","H","","CAC (36)","","CAGCACAGC (36)",36,2120,2,107,1.698,1.57708537572994,1.07666967567568,"False","True"
162,"S","N","AGT (160)","AAT (72), AAC (1)","CAGAGTAGC (159), CAGAGTATC (1)","CAGAATAGC (72), CAGAACAGC (1)",73,2120,4,107,3.443,0.583947828310814,5.89607467153285,"False","True"
162,"S","W","","TGG (34)","","CAGTGGAGC (34)",34,2120,3,107,1.604,0.0681982865180512,23.5196525,"False","True"
162,"S","Y","","TAT (21)","","CAGTATAGC (16), CAGTATAGT (5)",21,2120,2,107,0.991,1.7006947700439,0.582703032581454,"False","True"
163,"S","-","AGC (7)","---","AGTAGCATG (7)","---------",1,2120,1,107,0.047,0,Inf,"False","False"
163,"S","I","AGC (107)","ATC","AGTAGCATG (106), AATAGCATG (1)","AGTATCATG",1,2120,1,107,0.047,0.0500897441248904,0.938315833333333,"False","True"
163,"S","T","","ACT (96)","","AGTACTATG (96)",96,2120,1,107,4.528,0.688733981717243,6.57438157575757,"False","True"
164,"M","-","ATG (7)","---","AGCATGACA (7)","------ACA",1,2120,1,107,0.047,0,Inf,"False","False"
164,"M","V","ATG (118)","GTG (2)","AGCATGACA (106), AGTATGACG (11), AGCATGACG (1)","AGCGTGACA, AGTGTGACG",2,2120,2,107,0.094,0.00416579879191835,22.5647,"False","False"
165,"T","I","ACA (210), AGA (1)","ATA (216)","ATGACAAAA (184), ATGACAAGA (25), ATGACAAAG (1), ATGAGAAAA (1)","ATGATAAAA (204), ATGATAAGA (12)",216,2120,12,107,10.189,5.39799105258715,1.88755407349492,"False","True"
165,"T","K","ACA (53)","AAA","ATGACAAAA (53)","ATGAAAAAA",1,2120,1,107,0.047,0.0506457330969866,0.928015,"False","True"
165,"T","R","ATA (8)","AGA","ATGATAAAA (8)","ATGAGAAAA",1,2120,1,107,0.047,0.0126614332742466,3.71206,"False","True"
165,"T","V","","GTA","","ATGGTAAAA",1,2120,1,107,0.047,0.261669621001097,0.179615806451613,"False","True"
166,"K","R","AAA (127)","AGA (235), AGG (12)","ACAAAAATC (92), ATAAAAATC (20), ACAAAAATA (11), ACAAAAATT (4)","ACAAGAATC (214), ACAAGGATC (12), ATAAGAATC (12), ACCAGAATC (4), ACAAGAATT (2), ACAAGAATA (2), ACAAGAAT- (1)",247,2120,19,107,11.651,10.4936952340244,1.11028572301426,"False","True"
166,"K","T","","ACA","","ACAACAATC",1,2120,1,107,0.047,0.0512930113272067,0.916304166666667,"False","True"
167,"I","X","ATC (110), ATT (1)","AT-, WTC","AGAATCTTA (82), AAAATCTTA (28), AGAATTTTA (1)","AGAAT----, AAAWTCTTA",2,2120,2,107,0.094,NA,NA,"False",NA
168,"L","-","TTA (84)","---","ATCTTAGAA (83), ATTTTAGAA (1)","AT-------",1,2120,1,107,0.047,0,Inf,"False","False"
168,"L","V","TTA (57)","GTA","ATCTTAGAG (57)","ATCGTAGAG",1,2120,1,107,0.047,0,Inf,"False","False"
168,"L","X","TTA (4)","TYA","ATCTTAGAG (4)","ATCTYAGAG",1,2120,1,107,0.047,NA,NA,"False",NA
169,"E","-","GAA (84)","---","TTAGAACCC (83), TTAGAANCC (1)","------CCC",1,2120,1,107,0.047,0,Inf,"False","False"
169,"E","A","","GCG (5)","","TTAGCGCCC (5)",5,2120,1,107,0.236,0.713745906457301,0.330649882352941,"False","True"
169,"E","D","","GAT","","TTAGATCCC",1,2120,1,107,0.047,0.978251742379713,0.0480448927038627,"False","True"
169,"E","G","GAG (61)","GGG (2)","TTAGAGCCC (60), TTGGAGCCC (1)","TTAGGGCCC (2)",2,2120,1,107,0.094,0.130153665295155,0.722223225806452,"False","True"
169,"E","K","GAG (387), GAA (1)","AAG (3)","TTAGAGCCC (387), TTAGAACCC (1)","TTAAAGCCC (3)",3,2120,3,107,0.142,0.600386262490553,0.236514405594406,"False","True"
169,"E","Q","","CAG (11)","","TTACAGCCC (11)",11,2120,1,107,0.519,0.369468469224956,1.40472068181818,"False","True"
170,"P","S","CCC (92), CCT (7), YCT (3)","TCC (3), TCT (2)","GAGCCCTTT (91), GAGCCTTTT (7), GAGYCTTTT (3), GAACCCTTT (1)","GAGTCCTTT (3), GAGTCTTTT (2)",5,2120,4,107,0.236,0.0708480933527818,3.33107058823529,"False","True"
170,"P","X","CCC (84), CCT (7), TCT (2)","YCT (3), NCC (1)","GAACCCTTT (83), GAGCCTTTT (7), GAGTCTTTT (2), ---CCCTTT (1)","GAGYCTTTT (3), GAANCCTTT (1)",4,2120,2,107,0.189,NA,NA,"False",NA
171,"F","L","TTT (82)","CTT (2)","CCCTTTAGG (53), CCCTTTAGA (29)","CCCCTTAGA, CCCCTTAGG",2,2120,2,107,0.094,0.0583527842614205,1.61089142857143,"False","True"
171,"F","Y","","TAT","","CCCTATAGA",1,2120,1,107,0.047,0.458486162054018,0.102511272727273,"False","True"
172,"R","M","AGG (110)","ATG","TTTAGGACA (110)","TTTATGACA",1,2120,1,107,0.047,0,Inf,"False","False"
173,"K","A","ACA (76), CAA (4), GC- (2), G-- (1), ATA (1), GAA (1)","GCA (1263), GCG (2), GCC (1)","AGAACACAA (46), AGAACAAAG (24), AGGCAAAAA (4), AGGACAAAG (3), AGAACAAAA (2), AGAGC-AAA (2), AGGACACAA (1), AGAG--CAG (1), AGAATACAA (1), AGAGAACAA (1)","AGAGCACAA (371), AGAGCAAAA (359), AGGGCACAA (258), AGAGCAAAG (167), AGGGCAAAA (45), AGAGCAAGA (42), AGAGCACAG (10), AGGGCACAG (9), AGAGCGAGA (1), AGGGCACGA (1), AGGGCCCAA (1), AGAGCGCAA (1), AGGGCAAAG (1)",1266,2120,66,107,59.717,62.1007962201417,0.961614079605495,"False","True"
173,"K","E","GCA (29), GGA (1)","GAA (79), GAG (1)","AGAGCACAA (28), AGGGGAAAA (1), AGGGCACAA (1)","AGGGAACAA (74), AGGGAAAAA (2), AGAGAAAGA (1), AGAGAGAAA (1), AGGGAACA- (1), AGAGAACAA (1)",80,2120,6,107,3.774,1.85930527605215,2.0297904,"False","True"
173,"K","G","GAA (58)","GGA","AGGGAACAA (55), AGGGAAAAA (2), AGGGAACA- (1)","AGGGGAAAA",1,2120,1,107,0.047,0.0481231953801732,0.97666,"False","True"
173,"K","I","ACA (60), GCA (18), ATG (5)","ATA (41)","AGAACACAA (44), AGGGCACAA (17), AGGACACAA (15), AGGATGAAA (5), AGGACACAG (1), AGGGCAAAA (1)","AGGATAAAA (37), AGGATACAA (2), AGAATAAAA (1), AGAATACAA (1)",41,2120,5,107,1.934,2.25304051098084,0.858395572815534,"False","True"
173,"K","M","ATA (15)","ATG (5)","AGGATAAAA (14), AGAATAAAA (1)","AGGATGAAA (5)",5,2120,1,107,0.236,0.288739172281039,0.817346666666667,"False","True"
173,"K","Q","GCA (31)","CAA (4)","AGGGCAAAA (31)","AGGCAAAAA (4)",4,2120,2,107,0.189,0.104996062647651,1.8000675,"False","True"
173,"K","R","","AGA (20), AGG (9)","","AGGAGAAAA (18), AGGAGGAAA (9), AGAAGAAAA (2)",29,2120,3,107,1.368,0.634351211829556,2.15653406896552,"False","True"
173,"K","T","GCA (345), ATA (2)","ACA (548)","AGAGCAAAG (161), AGAGCAAAA (138), AGGGCACAA (28), AGAGCACAA (15), AGGGCAAAA (2), AGGATACAA (1), AGGGCAAAG (1), AGAATACAA (1)","AGGACACAA (228), AGGACAAAA (171), AGAACACAA (60), AGAACAAAA (50), AGAACAAAG (24), AGAACAGAA (10), AGGACAAAG (3), AGGACACAG (1), ATGACAAAA (1)",548,2120,30,107,25.849,25.8465307550967,1.00009553486798,"False","True"
173,"K","V","","GTA (74)","","AGGGTACAA (27), AGAGTACAA (25), AGGGTAAGA (22)",74,2120,4,107,3.491,1.43057135357424,2.44028373088685,"False","True"
173,"K","X","GCA (51)","GC- (2), G-- (1)","AGAGCAAAA (26), AGAGCACAA (25)","AGAGC-AAA (2), AGAG--CAG (1)",3,2120,3,107,0.142,NA,NA,"False",NA
174,"Q","E","","GAA (10)","","ACAGAAAAT (10)",10,2120,1,107,0.472,0.758922763346199,0.621934171428571,"False","True"
174,"Q","K","CAA (232), AGA (34), CA- (1)","AAA (708), AAG (195)","GCACAAAAT (115), GAACAAAAT (55), ACACAAAAT (43), GCAAGAAAT (33), GCACAAAAC (16), ACACAAAAC (2), GCGAGAAAT (1), GAACA-AAT (1), ATACAAAAT (1)","GCAAAAAAC (236), GCAAAAAAT (162), ACAAAAAAT (162), GCAAAGAAC (161), ACAAAAAAC (58), ACAAAGAAC (27), ATAAAAAAC (23), AGAAAAAAC (17), ATAAAAAAT (15), AGGAAAAAC (9), GCAAAGAAT (6), GCAAAATAT (6), ATGAAAAAT (5), AGAAAAAAT (3), CAAAAAAAT (3), GAAAAAAAT (2), GC-AAAAAT (2), ACAAAACAT (2), CAAAAAAAC (1), GAGAAAAAT (1), GGAAAAAAT (1), GCAAAGAGC (1)",903,2120,47,107,42.594,36.9356867166833,1.15319366678408,"False","True"
174,"Q","R","AAA (36)","AGA (66), CGA (1)","GCAAAAAAT (35), GCAAAAAAC (1)","GCAAGAAAT (42), GTAAGAAAC (22), GCGAGAAAT (1), GAAAGAAAT (1), GCACGAAAT (1)",67,2120,5,107,3.16,6.17546294288564,0.511702528089888,"False","True"
174,"Q","X","CAA (55), AAA (3)","CA-","GAACAAAAT (55), GAAAAAAAT (2), GGAAAAAAT (1)","GAACA-AAT",1,2120,1,107,0.047,NA,NA,"False",NA
175,"N","H","AAT (55)","CAT (3)","CAAAATCCA (29), AAAAATCCA (26)","AAACATCCA (2), CAACATCCA (1)",3,2120,2,107,0.142,0.32182562902282,0.441232727272727,"False","True"
175,"N","S","AAC (186)","AGC","AAGAACCCA (184), AAAAACCCA (2)","AAGAGCCCA",1,2120,1,107,0.047,0,Inf,"False","False"
175,"N","Y","","TAT (6)","","AAATATCCA (6)",6,2120,1,107,0.283,0.65618991891666,0.431277579617834,"False","True"
176,"P","K","","AAA (27)","","AATAAAGAC (27)",27,2120,2,107,1.274,0.0333597431299779,38.1897425,"False","True"
176,"P","S","CCA (15)","TCA (2)","AATCCAGAA (15)","AATTCAGAA (2)",2,2120,2,107,0.094,0.162628747758642,0.57800358974359,"False","True"
177,"D","E","GGA (16), GAC (16), AAA (1)","GAA (1308), GAG (41)","CCAGGAATA (16), CCAGACATA (15), CCGGACATA (1), CCAAAAATA (1)","CCAGAAATA (922), CCAGAAATG (254), CCAGAACTA (89), CCAGAAGTA (36), CCAGAGATA (32), CCAGAGATG (9), CCAGAATTA (1), TCAGAATTA (1), TCAGAAATA (1), CCAGAAATR (1), CCTGAAATA (1), CCAGAAGTG (1), CCAGAAAKA (1)",1349,2120,73,107,63.632,75.8050032071841,0.839416889490607,"False","True"
177,"D","G","GAA (31), AAC (9)","GGA (63), GGG (2), GGC (2)","CCAGAAGTA (28), CCAAACATA (9), CCAGAAATA (3)","CCAGGAATA (63), CCAGGGATA (2), CCAGGCATA (2)",67,2120,7,107,3.16,2.5742997648065,1.22751827242525,"False","True"
177,"D","K","GAA (186)","AAA","CCAGAAATA (186)","CCAAAAATA",1,2120,1,107,0.047,0.171049818259568,0.27477375,"False","True"
177,"D","N","GGC (2)","AAC (21)","CCAGGCATA (2)","CCAAACATA (21)",21,2120,2,107,0.991,0.714132991233697,1.38769670658683,"False","True"
178,"I","L","ATA (17)","CTA (90), TTA (12)","GACATAGTT (13), GATATAGTT (3), GACATAGTC (1)","GAACTAGTC (80), GACTTAGTC (10), GAACTAGTT (9), GAATTAGTC (2), GACCTAGTT (1)",102,2120,7,107,4.811,9.69977905818135,0.495990678874498,"False","True"
178,"I","M","ATA (13), GTG (1)","ATG (263)","GAAATAGTT (12), GAAGTGGTC (1), GAAATAGTC (1)","GAAATGGTC (229), GAAATGGTT (25), GAGATGGTC (9)",263,2120,11,107,12.406,5.6665078196075,2.18935548929664,"False","True"
178,"I","V","ATG (53), ATA (2)","GTA (36), GTG (1)","GAAATGGTC (52), GAGATGGTC (1), GAAATAGTC (1), GGAATAGTC (1)","GAAGTAGTC (36), GAAGTGGTC (1)",37,2120,3,107,1.745,1.52493176796777,1.14431349431818,"False","True"
178,"I","X","ATA (122)","ATR, AKA","GAAATAGTC (95), GAAATAGTT (27)","GAAATRGTC, GAAAKAGTT",2,2120,2,107,0.094,NA,NA,"False",NA
179,"V","A","","GCC (68)","","ATAGCCATC (68)",68,2120,1,107,3.208,0.114888728139228,27.9226696296296,"False","True"
179,"V","E","","GAG (11)","","ATAGAGATC (11)",11,2120,1,107,0.519,0.412748393685375,1.25742463917526,"False","True"
179,"V","I","","ATT (36), ATC (25)","","ATAATTATC (36), ATAATCATC (25)",61,2120,4,107,2.877,4.08918769414068,0.703562715920916,"False","True"
179,"V","X","GTT (11)","GYT","ATAGTTATC (11)","ATAGYTATC",1,2120,1,107,0.047,NA,NA,"False",NA
181,"Y","I","","ATT (70)","","ATCATTCAA (70)",70,2120,1,107,3.302,0.197911403065521,16.6842331914894,"False","True"
183,"Y","F","TAT (69)","TTT","CAATATGTA (64), CAATATATA (5)","CAATTTGTA",1,2120,1,107,0.047,0,Inf,"False","False"
184,"M","I","GTA (65)","ATA (5)","TATGTAGAT (64), TTTGTAGAT (1)","TATATAGAT (5)",5,2120,1,107,0.236,1.08539572599037,0.217432217898833,"False","True"
184,"M","V","ATG (42), ATA (5)","GTA (65), GTG (1)","TATATGGAT (42), TATATAGAT (5)","TATGTAGAT (64), TTTGTAGAT (1), TATGTGGAT (1)",66,2120,2,107,3.113,29.3183545907594,0.106179219245174,"False","True"
186,"D","G","GAC (4)","GGC","GATGACTTG (4)","GATGGCTTG",1,2120,1,107,0.047,0.0166652778935089,2.820235,"False","True"
186,"D","N","GAT (84), GAC (57)","AAT, AAC","GATGATTTG (83), GATGACTTG (56), GATGATCTG (1), GATGACCTG (1)","GATAATTTG, GATAACTTG",2,2120,2,107,0.094,0.00833263894675444,11.28094,"True","False"
188,"Y","C","TAT (107)","TGT","TTATATGTA (106), TTATATATA (1)","TTATGTGTA",1,2120,1,107,0.047,0.703105382104294,0.0668463095238095,"False","True"
189,"V","I","GTA (410)","ATA (8)","TATGTAGGA (303), TATGTAGGG (106), TGTGTAGGG (1)","TATATAGGA (7), TATATAGGG (1)",8,2120,8,107,0.377,0.614599882933356,0.613407210884354,"False","True"
189,"V","X","GTA (9)","GYA","TATGTAGGG (9)","TATGYAGGG",1,2120,1,107,0.047,NA,NA,"False",NA
190,"G","E","GGA (22)","GAA","GTAGGATCT (22)","GTAGAATCT",1,2120,1,107,0.047,0.349561994609164,0.134453975903614,"False","True"
191,"S","F","TCT (38)","TTT","GGATCTGAC (38)","GGATTTGAC",1,2120,1,107,0.047,0.0249989583767343,1.88007833333333,"False","True"
192,"D","N","GAC (200), GAT (191)","AAC (6), AAT (2)","TCTGACTTA (198), TCTGATTTA (191), TCAGACTTA (1), TCTGACCTA (1)","TCTAACTTA (6), TCTAATTTA (2)",8,2120,6,107,0.377,0.162716955941255,2.31690666666667,"False","True"
193,"L","S","TTA (6)","TCA","GATTTAGAA (6)","GATTCAGAA",1,2120,1,107,0.047,0.00416562526035158,11.28282,"False","False"
194,"E","A","","GCA (5)","","TTAGCAATA (5)",5,2120,1,107,0.236,0.171318736419856,1.37754926829268,"False","True"
194,"E","D","GAA (15)","GAC","TTAGAAATA (15)","TTAGACATA",1,2120,1,107,0.047,0.484706668895203,0.0969658620689655,"False","True"
194,"E","G","GAA (68), GAG (1)","GGA","TTAGAAATA (67), TTAGAGATA (1), TTGGAAATA (1)","TTAGGAATA",1,2120,1,107,0.047,0.0376065518970416,1.24978222222222,"False","True"
194,"E","K","GAA","AAA (4)","TTAGAAATA","TTAAAATTA (2), TTAAAAWTA (1), TTAAAAATA (1)",4,2120,1,107,0.189,0.229817817148588,0.822390545454545,"False","True"
195,"I","L","ATA (2), WTA (1)","TTA (2)","AAAWTAGRG, GAAATAGGG, AAAATAGAG","AAATTAGGG (2)",2,2120,1,107,0.094,1.07607921952853,0.0873541634241245,"False","True"
195,"I","M","ATA (168)","ATG (3)","GAAATAGGG (167), GAAATAAGG (1)","GAAATGGGG (3)",3,2120,3,107,0.142,0.054432022777708,2.60875846153846,"False","True"
195,"I","V","ATA (42)","GTA","GAAATAGGG (42)","GAAGTAGGG",1,2120,1,107,0.047,0.0502449441024997,0.9354175,"False","True"
195,"I","X","ATA (65), TTA (2)","ATR (2), WTA (1)","GAAATAGGG (60), GAAATAGGA (3), AAATTAGGG (2), GAAATAAGG (1), AAAATAGAG (1)","GAAATRGGA, AAAWTAGRG, GAAATRGGG",3,2120,3,107,0.142,NA,NA,"False",NA
196,"G","E","GGG (65), GRG (1), GGA (1)","GAG (15), GAA (11)","ATAGGGCAA (63), TTAGGGCAA (2), WTAGRGCAA (1), ATAGGACAA (1)","ATAGAGCAA (14), ATAGAACAA (11), ATTGAGCAA (1)",26,2120,8,107,1.226,4.85551571398439,0.252496350999131,"False","True"
196,"G","K","","AAG (192), AAA (1)","","ATAAAGCAA (192), ATAAAACAA (1)",193,2120,2,107,9.104,2.5015819447374,3.63929713322091,"False","True"
196,"G","M","","ATG (54)","","ATAATGCAA (54)",54,2120,1,107,2.547,0.649651972157773,3.92056071428571,"False","True"
196,"G","R","GGG (135), GGA (4)","AGG (4)","ATAGGGCAA (124), ATAGGGCAG (10), ATAGGACAA (3), ATRGGACAA (1), ATGGGGCAA (1)","ATAAGGCAA (3), ATAAGGCAG (1)",4,2120,4,107,0.189,0.66230753005695,0.285365923566879,"False","True"
196,"G","V","","GTG (7)","","ATAGTGCAA (7)",7,2120,1,107,0.33,0.329044505378612,1.00290384615385,"False","True"
196,"G","X","GGG (3), GAG (1)","GRG","TTAGGGCAA (2), ATAGGGCAA (1), ATAGAGCAA (1)","WTAGRGCAA",1,2120,1,107,0.047,NA,NA,"False",NA
197,"Q","E","AAA (152), AAG (1)","GAA (28)","GGGAAACAT (150), GGAAAACAT (2), GGGAAGCAT (1)","GGGGAACAT (28)",28,2120,2,107,1.321,0.494427218637392,2.67177847457627,"False","True"
197,"Q","K","GAA (28)","AAA (188), AAG (4)","GGGGAACAT (28)","GGGAAACAT (176), GGGAAACAC (9), GGGAAGCAC (3), GGAAAACAT (3), GGGAAGCAT (1)",192,2120,5,107,9.057,1.5922232464594,5.68827268421053,"False","True"
197,"Q","R","CAA (136)","CGA (2)","GGGCAACAT (136)","GGGCGACAT (2)",2,2120,2,107,0.094,0.108941590547222,0.862847692307692,"False","True"
198,"H","X","CAC (27)","CRC","CAACACAGA (27)","CAACRCAGA",1,2120,1,107,0.047,NA,NA,"False",NA
200,"T","A","GAA (22), ACA (7), GTA (2), AAA (2), GC- (1)","GCA (1797), GCG (13), GCT (1)","AGAGAAAAG (19), AGAACAAAA (6), AGAGAAAAA (3), AGAGTAAAA (2), AGAAAAAAG (2), AGAACAAAG (1), AGAGC-AAA (1)","AGAGCAAAA (1402), AGAGCAAAG (337), AGGGCAAAA (52), AGAGCGAAA (12), AGAGCAAGA (4), AGAGCAACA (1), AGAGCTAAA (1), AGAGCAARG (1), AGAGCGAAG (1)",1811,2120,99,107,85.425,92.1681640956094,0.926838467905095,"False","True"
200,"T","E","GCA (74), AAA (2), G-- (1)","GAA (262)","AGAGCAAAA (66), AGAGCAAAG (8), AGAAAAAAG (2), AGAG--AAA (1)","AGAGAAAAA (243), AGAGAAAAG (19)",262,2120,4,107,12.358,3.82691981691812,3.22922888150609,"False","True"
200,"T","K","GAA (20), GCA (8)","AAA (2)","AGAGAAAAG (19), AGAGCAAAG (8), AGAGAAAAA (1)","AGAAAAAAG (2)",2,2120,1,107,0.094,0.169520257670792,0.554506,"False","True"
200,"T","S","","TCA","","AGATCAAAA",1,2120,1,107,0.047,0.152568231903712,0.308058888888889,"False","True"
200,"T","V","GCA (16)","GTA (11)","AGAGCAAAA (16)","AGAGTAAAA (10), AGAGTAAGA (1)",11,2120,2,107,0.519,0.627224953381929,0.827454324324324,"False","True"
200,"T","X","GAA (186), GCA (4)","GC-, G--","AGAGAAAAA (186), AGAGCAAAA (4)","AGAGC-AAA, AGAG--AAA",2,2120,2,107,0.094,NA,NA,"False",NA
201,"K","R","AAA (63)","AGA (5)","GCAAAAATA (55), GTAAAAATA (8)","GCAAGAATA (4), GTAAGAATA (1)",5,2120,2,107,0.236,0.258818618242538,0.911835483870968,"False","True"
201,"K","T","AAA (69)","ACA","GCAAAAATA (61), GCAAAAGTA (8)","GCAACAGTA",1,2120,1,107,0.047,0.112711333750783,0.416994444444444,"False","True"
201,"K","X","AAG (107)","ARG","GCAAAGATA (105), GCGAAGATA (1), ACAAAGATA (1)","GCAARGATA",1,2120,1,107,0.047,NA,NA,"False",NA
202,"I","V","ATA (89)","GTA (54)","AAAATAGAA (37), AAAATAGAC (32), AAGATAGAG (18), AAGATAGAA (1), AAAATAGAG (1)","AAAGTAGAG (28), AAAGTAGAA (12), AAGGTAGAG (11), AAGGTAGAA (2), ACAGTAGAA (1)",54,2120,6,107,2.547,9.58160061104982,0.265821975199291,"False","True"
203,"E","A","GAG (42), GAA (20)","GCA","ATAGAGAAG (42), ATAGAAGAG (14), ATAGAAAAG (6)","ATAGCAGAG",1,2120,1,107,0.047,0.0974948073417829,0.482076956521739,"False","True"
203,"E","D","GAA (37), GAG (1)","GAC (32), GAT (4)","ATAGAAGAG (29), GTAGAAGAG (6), GTAGAAGAT (2), GTAGAGGAT (1)","ATAGACGAG (32), ATAGATGAT (4)",36,2120,2,107,1.698,1.96261286083676,0.865173174946004,"False","True"
204,"E","D","GAG (67)","GAT (7)","GAAGAGTTA (35), GACGAGTTA (32)","GATGATTTG (4), GAAGATTTA (2), GAGGATTTA (1)",7,2120,2,107,0.33,0.871175455578469,0.378798550724638,"False","True"
204,"E","G","GAG (132)","GGG (6)","GAGGAGTTA (106), GAAGAGTTA (24), GAGGAGTTG (2)","GAGGGGTTA (6)",6,2120,2,107,0.283,0.0336686166407138,8.40545375,"False","True"
204,"E","K","GAG (145), GAA (1)","AAG (150)","GAGGAGTTA (70), GAAGAGTTA (52), GAAGAGCTA (22), GCAGAGTTA (1), GAGGAATTA (1)","GAGAAGTTA (140), GAAAAGTTA (8), GAGAAGCTA (1), GAAAAGCTA (1)",150,2120,8,107,7.075,3.58149909515593,1.97542978848414,"False","True"
204,"E","Q","","CAA (188), CAG (15)","","GAGCAATTA (188), GAGCAGCTA (10), GAGCAGTTA (5)",203,2120,4,107,9.575,0.86275830141829,11.0981256097561,"False","True"
206,"R","K","AGA (107)","AAA","TTAAGAAAA (106), TTGAGAAAA (1)","TTAAAAAAA",1,2120,1,107,0.047,0.0750656824721631,0.626118333333333,"False","True"
207,"Q","A","GAA (23), GGA (6), GAC (5)","GCA (188)","AGAGAACAT (23), AGAGGACAT (6), AGAGACCAT (5)","AGGGCACAT (139), AGAGCACAT (41), AGAGCACAC (7), AGAGCACAY (1)",188,2120,11,107,8.868,9.33652381988253,0.94981817334576,"False","True"
207,"Q","D","GCA (13)","GAC (108), GAT (89)","AGAGCACAT (13)","AGAGACCAT (108), CGAGATCAT (78), AGAGATCAT (11)",197,2120,8,107,9.292,7.41353056341092,1.25338392018779,"False","True"
207,"Q","E","GCA (10), GGA (6), AAA (3), GTA (1)","GAA (1234), GAG (106)","AGAGCACAT (10), AGAGGACAT (6), AGAAAACAT (3), AGAGTACAT (1)","AGAGAACAT (855), AGAGAACAC (334), AGAGAGCAT (87), AGGGAACAT (36), AGGGAGCAT (19), AGGGAACAC (7), AGRGAACAT (1), AGAGAATAC (1)",1340,2120,72,107,63.208,67.7441809876006,0.933039547877464,"False","True"
207,"Q","G","GAA (23), GCA (10)","GGA (10)","AGAGAACAT (23), AGAGCACAT (10)","AGAGGACAT (10)",10,2120,2,107,0.472,3.24994561670655,0.145233199464525,"False","True"
207,"Q","K","GAA (53), GAG (6), GTA (1)","AAA (172), AAG (1)","AGAGAACAT (53), AGGGAGCAT (6), AGAGTACAT (1)","AGAAAACAC (137), AGAAAACAT (34), AAAAAACAC (1), AGAAAGCAT (1)",173,2120,6,107,8.16,4.13313030237111,1.97429052631579,"False","True"
207,"Q","N","CAA (67), AGA (1)","AAT (105), AAC (1)","AGACAACAT (67), AGAAGACAT (1)","AGAAATCAT (95), AGAAATCAC (10), AGAAACCAT (1)",106,2120,6,107,5,3.21514030889711,1.55514208389716,"False","True"
207,"Q","R","CAA (67), AAT (2)","AGA (5)","AGACAACAT (67), AGAAATCAT (2)","AGAAGACAT (5)",5,2120,2,107,0.236,0.683054165760278,0.345507006369427,"False","True"
207,"Q","T","","ACA (26)","","AGAACACAT (26)",26,2120,2,107,1.226,0.691755492712639,1.77230251572327,"False","True"
207,"Q","V","GAA (53), GAG (6), AAA (3)","GTA (2)","AGAGAACAT (53), AGGGAGCAT (6), AGAAAACAT (3)","AGAGTACAT (2)",2,2120,2,107,0.094,0.234935827713726,0.400109259259259,"False","True"
208,"H","Y","CAC (186)","TAC","GAACACCTA (186)","GAATACCTA",1,2120,1,107,0.047,0.845719070546368,0.0555740099009901,"False","True"
210,"L","F","TTA (40), TCA (2)","TTC (28)","TTATTAAAG (36), TTATTAAAA (3), TTATCAAAG (2), CTATTACAG (1)","TTATTCAAG (28)",28,2120,1,107,1.321,0.184509581918061,7.15951977272727,"False","True"
210,"L","S","TTA (40), TTC (28)","TCA (2)","TTATTAAAG (36), TTATTCAAG (28), TTATTAAAA (3), CTATTACAG (1)","TTATCAAAG (2)",2,2120,1,107,0.094,0.448693756028012,0.209497009345794,"False","True"
210,"L","W","TTG (62)","TGG","TTATTGAAA (57), TTATTGAGA (4), TTATTGCAA (1)","TTATGGAAA",1,2120,1,107,0.047,1.522204050824,0.0308762809917355,"False","True"
211,"R","E","","GAA (23)","","TTGGAATGG (23)",23,2120,1,107,1.085,0.318119559934609,3.41066736111111,"False","True"
211,"R","G","","GGG (11)","","TTAGGGTGG (10), TTAGGGCGG (1)",11,2120,2,107,0.519,0.331374541598551,1.5662036,"False","True"
211,"R","K","AGA (129), AGT (44), AGG (33), CAG (1), CAA (1)","AAA (676), AAG (621)","CTGAGATGG (117), CTGAGTTGG (44), TTAAGGTGG (27), TTGAGATGG (11), TTGAGGTGG (6), TTACAGTGG (1), TTGCAATGG (1), TTAAGATGG (1)","TTGAAATGG (586), TTAAAGTGG (496), TTGAAGTGG (89), TTAAAATGG (53), TTCAAGTGG (28), CTAAAATGG (24), CTGAAATGG (12), CTGAAGTGG (6), TCAAAGTGG (2), TGGAAATGG (1)",1297,2120,69,107,61.179,70.7550921221226,0.864658615586362,"False","True"
211,"R","Q","AAG (66), AAA (61), AGA (4)","CAA (189), CAG (1)","TTGAAATGG (57), TTAAAGTGG (36), TTCAAGTGG (28), TTGAGATGG (4), TTAAAATGG (3), TCAAAGTGG (2), TGGAAATGG (1)","CTGCAATGG (187), TTACAGTGG (1), CTACAATGG (1), TTGCAATGG (1)",190,2120,4,107,8.962,1.26364158529581,7.09220090909091,"False","True"
211,"R","S","AGA (117), AAA (26)","AGT (44)","CTGAGATGG (117), CTAAAATGG (24), CTGAAATGG (2)","CTGAGTTGG (44)",44,2120,1,107,2.075,0.331374541598551,6.26179666666667,"False","True"
211,"R","T","","ACA (21)","","TTGACATGG (21)",21,2120,1,107,0.991,0.468342685459285,2.11597198113208,"False","True"
212,"W","R","TGG (4)","CGG","GGGTGGGGA (4)","GGGCGGGGA",1,2120,1,107,0.047,0.0417188151856487,1.12659,"False","True"
214,"F","L","TTT (44)","CTT (568), TTA (30), CTC (19), CTA (1)","GGATTTACC (43), GGATTTACT (1)","GGACTTACC (540), GGATTAACC (30), GGACTTACT (24), GGACTCACC (14), GGGCTCACC (5), GGGCTTACC (3), GGACTTGCC (1), GGACTAACC (1)",618,2120,21,107,29.151,16.2653666807969,1.79221290070367,"False","True"
215,"T","A","ACC (212), ACT (3)","GCC (3)","TTTACCACA (130), CTTACCACA (78), TTTACTACA (3), TTTACCACG (3), CTTACCACG (1)","TTTGCCACA (2), CTTGCCACA (1)",3,2120,3,107,0.142,0.0463782781010203,3.06177818181818,"False","True"
216,"T","A","ACA (95)","GCA","ACCACACCA (95)","ACCGCACCA",1,2120,1,107,0.047,0.0083315975838367,5.641175,"False","False"
216,"T","X","ACA (8)","RCA","ACCACACCA (8)","ACCRCACCA",1,2120,1,107,0.047,NA,NA,"False",NA
217,"P","Q","CCA (67)","CAA","ACACCAGAC (66), ACACCAGAT (1)","ACACAAGAC",1,2120,1,107,0.047,0.0125031257814454,3.75906,"False","True"
218,"D","E","GAT (106), GAC (1)","GAG","CCAGATAAA (106), CCAGACAAA (1)","CCAGAGAAA",1,2120,1,107,0.047,1.22272936644194,0.038438595890411,"False","True"
219,"K","R","AAG (6)","AGG","GACAAGAAA (6)","GACAGGAAA",1,2120,1,107,0.047,0.514377266211316,0.0913726229508197,"False","True"
221,"H","Y","CAT (16)","TAT (53), TAC (1)","AAACATCAG (16)","AAATATCAG (53), AAATACCAG (1)",54,2120,1,107,2.547,2.6969812439138,0.944389215070644,"False","True"
222,"Q","X","CAG (67)","CA-","CATCAGAAA (67)","CATCA----",1,2120,1,107,0.047,NA,NA,"False",NA
223,"K","-","AAA (67)","---","CAGAAAGAA (67)","CA-------",1,2120,1,107,0.047,0,Inf,"False","False"
223,"K","R","AAA (42)","AGG (10), AGA (2)","CAGAAAGAA (42)","CAAAGGGAA (10), CAGAGAGAA (2)",12,2120,3,107,0.566,0.130454908891975,4.33866387096774,"False","True"
224,"E","-","GAA (67)","---","AAAGAACCC (67)","---------",1,2120,1,107,0.047,0,Inf,"False","False"
224,"E","D","GAG (136)","GAC (2)","AAGGAGCCC (136)","AAGGACCCC (2)",2,2120,2,107,0.094,0.286183241446067,0.328460882352941,"False","True"
225,"P","-","CCC (67)","---","GAACCCCCA (67)","---------",1,2120,1,107,0.047,0,Inf,"False","False"
226,"P","-","CCA (67)","---","CCCCCATTT (67)","---------",1,2120,1,107,0.047,0.0042288662409608,11.11409,"False","False"
227,"F","-","TTT (67)","---","CCATTTCTT (66), CCATTTCTA (1)","---------",1,2120,1,107,0.047,0,Inf,"False","False"
228,"L","-","CTT (66), CTA (1)","---","TTTCTTTGG (66), TTTCTATGG (1)","---------",1,2120,1,107,0.047,0,Inf,"False","False"
228,"L","F","CTT (22)","TTT","TTTCTTTGG (22)","TTTTTTTGG",1,2120,1,107,0.047,0.121511955908519,0.386793214285714,"False","True"
228,"L","P","CTT (84)","CCT","TTTCTTTGG (84)","TTTCCTTGG",1,2120,1,107,0.047,0.0390574143991668,1.20335666666667,"False","True"
228,"L","R","CTT (67)","CGT (3)","TTTCTTTGG (67)","TTTCGTTGG (3)",3,2120,1,107,0.142,1.56663628867769,0.090640055401662,"False","True"
229,"W","-","TGG (67)","---","CTTTGGATG (66), CTATGGATG (1)","---------",1,2120,1,107,0.047,0.00856164383561644,5.4896,"False","False"
229,"W","*","TGG (21)","TGA","CTTTGGATG (21)","CTTTGAATG",1,2120,1,107,0.047,NA,NA,"True",NA
230,"M","-","ATG (67)","---","TGGATGGGG (67)","---------",1,2120,1,107,0.047,0,Inf,"False","False"
230,"M","L","ATG (69)","CTG","TGGATGGGG (69)","TGGCTGGGG",1,2120,1,107,0.047,1.28464017185822,0.0365861204013378,"False","True"
230,"M","R","ATG (84)","AGG","TGGATGGGG (84)","TGGAGGGGG",1,2120,1,107,0.047,0.0343716433941998,1.36740625,"False","True"
230,"M","T","ATG (8)","ACG","TGGATGGGG (8)","TGGACGGGG",1,2120,1,107,0.047,0.00429645542427497,10.93925,"False","False"
231,"G","-","GGG (67)","---","ATGGGGTAT (67)","---------",1,2120,1,107,0.047,0,Inf,"False","False"
231,"G","E","GGG (109), GGN (1)","GAG","ATGGGGTAT (109), ATGGGNTAT (1)","ATGGAGTAT",1,2120,1,107,0.047,0.0130191381330556,3.61007,"False","True"
232,"Y","-","TAT (67)","---","GGGTATGAA (67)","---------",1,2120,1,107,0.047,0,Inf,"False","False"
232,"Y","H","TAT (5)","CAT","GGGTATGAA (5)","GGGCATGAA",1,2120,1,107,0.047,0.314850446038132,0.149277222222222,"False","True"
232,"Y","N","TAT (5)","AAT","GGGTATGAA (5)","GGGAATGAA",1,2120,1,107,0.047,0.00437292286164072,10.74796,"False","False"
233,"E","-","GAA (67)","---","TATGAACTC (67)","---------",1,2120,1,107,0.047,0,Inf,"False","False"
233,"E","G","GAA (4)","GGA","TATGAACTC (4)","TATGGACTC",1,2120,1,107,0.047,0.0175154354775146,2.6833475,"False","True"
234,"L","-","CTC (67)","---","GAACTCCAT (67)","---------",1,2120,1,107,0.047,0,Inf,"False","False"
234,"L","X","CTC (95)","CNC","GAACTCCAT (95)","GAACNCCAT",1,2120,1,107,0.047,NA,NA,"False",NA
235,"H","-","CAT (67)","---","CTCCATCCT (67)","---------",1,2120,1,107,0.047,0,Inf,"False","False"
236,"P","-","CCT (67)","---","CATCCTGAT (66), CATCCTAAT (1)","---------",1,2120,1,107,0.047,0,Inf,"False","False"
236,"P","S","CCT (27)","TCT","CATCCTGAC (27)","CATTCTGAC",1,2120,1,107,0.047,0.0185245218357801,2.5371775,"False","True"
237,"D","-","GAT (66), AAT (1)","---","CCTGATAAA (66), CCTAATAAA (1)","---------",1,2120,1,107,0.047,0,Inf,"False","False"
237,"D","E","GAC (9)","GAA (12)","CCTGACAAA (9)","CCTGAAAAA (12)",12,2120,1,107,0.566,0.139899272523783,4.045768,"False","True"
237,"D","N","GAT (66), GAC (22), --- (1)","AAC, AAT","CCTGATAAA (66), CCTGACAAA (22), --------- (1)","CCTAACAAA, CCTAATAAA",2,2120,2,107,0.094,0.387054653982466,0.242859759036145,"False","True"
238,"K","-","AAA (67)","---","GATAAATGG (65), GATAAATAG (1), AATAAATGG (1)","---------",1,2120,1,107,0.047,0,Inf,"False","False"
238,"K","R","AAA (69)","AGA (2)","GACAAATGG (69)","GACAGATGG (2)",2,2120,2,107,0.094,0.643132100272275,0.146159708029197,"False","True"
239,"W","-","TGG (66), TAG (1)","---","AAATGGACA (66), AAATAGACA (1)","---------",1,2120,1,107,0.047,0,Inf,"False","False"
239,"W","*","TGG (66), --- (1)","TAG","AAATGGACA (66), --------- (1)","AAATAGACA",1,2120,1,107,0.047,NA,NA,"True",NA
239,"W","C","TGG (202)","TGT, TGC","AAATGGACA (201), AAATGGACG (1)","AAATGTACA, AAATGCACA",2,2120,2,107,0.094,0.00959508731529457,9.79668,"False","False"
240,"T","-","ACA (67)","---","TGGACAGTG (66), TAGACAGTG (1)","---------",1,2120,1,107,0.047,0,Inf,"False","False"
240,"T","I","ACA (153)","ATA (2)","TGGACAGTA (153)","TGGATAGTA (2)",2,2120,2,107,0.094,0.00487186982363831,19.29444,"False","False"
