"Pos","Cons","AA","FromCodons","ToCodons","FromCodonsCtx","ToCodonsCtx","Count","PosTotal","PatientCount","PatientPosTotal","SampleCount","SamplePosTotal","sgsPcnt","dbPcnt","pcntFold","IsAPOBEC","isUnusual"
2,"Q","P","CAG (8)","CCG","CCTCAGATC (8)","CCTCCGATC",1,5327,1,130,1,268,0.019,0.0201984497689802,0.94066625,"False","False"
3,"I","F","ATC (203)","TTC","CAGATCACT (203)","CAGTTCACT",1,5329,1,130,1,268,0.019,0.0150475879970406,1.26266083333333,"False","False"
3,"I","L","ATC (175)","CTC (2)","CAAATCACT (148), CAGATCACT (27)","CAACTCACT, CAGCTCACT",2,5329,2,130,2,268,0.038,0.0401269013254417,0.946995625,"False","False"
3,"I","N","ATC (29)","AAC","CAAATCACT (29)","CAAAACACT",1,5329,1,130,1,268,0.019,0.0137936223306206,1.37744818181818,"False","False"
3,"I","T","ATC (207), GTC (1)","ACC (3)","CAGATCACT (176), CAAATCACT (26), CAAATCGCT (2), ATCACT (1), CAGGTCACT (1), CAGATCACC (1), CAGATCGCT (1)","CAGACCACT (2), CAAACCACT (1)",3,5329,3,130,3,268,0.056,0.00877775966494037,6.37976,"False","True"
3,"I","V","ATC (164), ACC (1)","GTC (24)","CAGATCACT (161), CAGACCACT (1), ATCACT (1), CAGATCACC (1), CAGATCGCT (1)","CAGGTCACT (12), CAGGTCTCT (11), CAGGTCGCT (1)",24,5329,4,130,4,268,0.45,0.297189862941553,1.5141835443038,"False","False"
3,"I","X","ATC (9)","AYC","CAGATCACT (9)","CAGAYCACT",1,5329,1,130,1,268,0.019,NA,NA,"False",NA
4,"T","A","ACT (365), ACC (1)","GCT (10)","ATCACTCTT (350), GTCACTCTT (11), ATTACTCTT (2), ACCACTCTT (2), ATCACCCTT (1)","ATCGCTCTT (9), GTCGCTCTT (1)",10,5331,7,130,7,268,0.188,0.0484516536760059,3.88015652173913,"False","False"
4,"T","I","ACT (123)","ATC","ATCACTCTT (123)","ATCATCCTT",1,5331,1,130,1,268,0.019,0.00631978091426164,3.00643333333333,"False","True"
4,"T","N","ACT (277)","AAT","ATCACTCTT (277)","ATCAATATT",1,5331,1,130,1,268,0.019,0.0105329681904361,1.80386,"False","False"
4,"T","S","ACT (83)","TCT (12)","ATCACTCTT (83)","GTCTCTCTT (11), ATCTCTCTT (1)",12,5331,2,130,2,268,0.225,0.282283547503687,0.797070895522388,"False","False"
5,"L","F","CTT (128)","TTT (3)","ACTCTTTGG (128)","ACTTTTTGG (2), ACTTTTGGG (1)",3,5331,3,130,3,268,0.056,0.0606605727194762,0.923169655172414,"False","False"
5,"L","I","CTT (277)","ATT","ACTCTTTGG (277)","AATATTTGG",1,5331,1,130,1,268,0.019,0.0125504633212709,1.51388833333333,"False","False"
5,"L","P","CTT (192)","CCT","ACTCTTTGG (192)","ACTCCTTGG",1,5331,1,130,1,268,0.019,0.00836697554751396,2.2708325,"False","True"
6,"W","G","TGG (91)","GGG","CTTTGGCAA (91)","TTTGGGCAA",1,5331,1,130,1,268,0.019,0.0538999740865509,0.352504807692308,"False","False"
6,"W","R","TGG (294)","CGG (3)","CTTTGGCAA (293), CTTTGGCAG (1)","CTTCGGCAA (3)",3,5331,3,130,3,268,0.056,0.0373153666753045,1.50072222222222,"False","False"
7,"Q","E","CAA (58)","GAA","TGGCAACGA (57), TGGCAAAGA (1)","TGGGAAAGA",1,5331,1,130,1,268,0.019,0.132324360087665,0.1435865625,"False","False"
7,"Q","R","CAA (92)","CGA","TGGCAACGA (90), TGGCAACGG (2)","TGGCGACGA",1,5331,1,130,1,268,0.019,0.0485878509696895,0.391044255319149,"False","False"
8,"R","*","CGA (170)","TGA (3)","CAACGACCC (169), CAGCGACCC (1)","CAATGACCC (3)",3,5331,3,130,3,268,0.056,0,Inf,"False","True"
8,"R","G","CGA (277)","GGG","CAACGACCC (277)","CAAGGGCCC",1,5331,1,130,1,268,0.019,0.011320249868788,1.67840818181818,"False","False"
9,"P","L","CCC (156)","CTC (2)","CGACCCCTC (155), CGACCCCTA (1)","CGACTCCTC (2)",2,5332,2,130,2,268,0.038,0.00204666393778142,18.5668,"False","True"
9,"P","X","CCC (9)","CYC","CGACCCCTC (9)","CGACYCCTC",1,5332,1,130,1,268,0.019,NA,NA,"False",NA
10,"L","I","CTC (237), CTT (8)","ATC (72)","CCCCTCGTC (218), CCACTCGTC (19), CCCCTTGTC (8)","CCCATCGTC (70), CCAATCGTC (2)",72,5332,7,130,8,268,1.35,13.7799093496363,0.0979687141436549,"False","False"
10,"L","R","CTC (74)","CGC","CCCCTCGTC (73), CCCCTCATC (1)","CCCCGCGTC",1,5332,1,130,1,268,0.019,0.110677769579424,0.171669523809524,"False","False"
10,"L","V","CTC (6)","GTC (65), GTA (10)","CCCCTCGTC (6)","CCCGTCGTC (65), CCCGTAGTC (10)",75,5332,6,130,6,268,1.407,4.17518709813429,0.336990886139864,"False","False"
11,"V","A","GTC (294)","GCC (4)","CTCGTCACA (255), CTCGTCTCA (24), CTCGTCGCA (14), CTTGTCACA (1)","CTCGCCACA (4)",4,5332,4,130,4,268,0.075,0.081817159103693,0.916678125,"False","False"
11,"V","I","GTC (242)","ATC (3)","CTCGTCACA (228), CTAGTCACA (9), CTCGTCGCA (2), CTCGTCATA (1), CTCGTCACG (1), CGCGTCACA (1)","CTCATCACA (2), CTAATCACA (1)",3,5332,3,130,3,268,0.056,0.66374170322871,0.0843701694915254,"False","False"
11,"V","X","GTC (59), GTT (1)","TC-","CTTGTCACA (59), CTTGTTACA (1)","CTGTC-ACA",1,5332,1,130,1,268,0.019,NA,NA,"False",NA
12,"T","A","ACA (702), TCA (24), ACG (1), RCA (1)","GCA (274)","GTCACAATA (424), GTCACAGTA (276), GTCTCAATA (24), GCCACAATA (1), GTCACGATA (1), ATCACAATA (1), GTCRCAGTA (1)","GTCGCAGTA (211), GTCGCAATA (62), GTTGCAGTA (1)",274,5333,13,130,29,268,5.138,2.98403813171435,1.72182786318759,"False","False"
12,"T","E","","GAA (132)","","GTCGAAGTA (131), GTTGAAGTA (1)",132,5333,1,130,6,268,2.475,0.690242952893023,3.58569397865854,"False","False"
12,"T","I","ACA (229), TCA (6)","ATA (70)","GTCACAATA (227), GTCTCAATA (6), ATCACAATA (1), GTTACAATA (1)","GTCATAATA (70)",70,5333,4,130,6,268,1.313,1.16478498300698,1.12724667570009,"False","False"
12,"T","K","","AAA (10)","","GTCAAAATA (10)",10,5333,1,130,1,268,0.188,1.11848819958122,0.168084026340546,"False","False"
12,"T","P","TCA (143), ACA (73), AGA (5)","CCA (35)","GTCTCAATA (143), GTCACAGTA (73), GTCAGAATA (5)","GTCCCAGTA (19), GTCCCAATA (16)",35,5333,4,130,5,268,0.656,3.94574858742201,0.166254890666667,"False","False"
12,"T","R","ACA (9), CCA (5)","AGA (17)","GTCACAATA (9), GTCCCAATA (5)","GTCAGAATA (17)",17,5333,2,130,2,268,0.319,0.206231126169257,1.54680821428571,"False","False"
12,"T","S","ACA (358), GCA (14), CCA (1), ATA (1)","TCA (312), TCC (12)","GTCACAATA (337), GTCACAGTA (18), GTCGCAATA (14), GTCCCAATA (1), GCCACAATA (1), ACAATA (1), GTTACAATA (1), GTCATAATA (1)","GTCTCAATA (301), GTTTCCATA (12), GTATCAATA (11)",324,5333,10,130,20,268,6.075,3.85210282094719,1.57706070745698,"False","False"
12,"T","V","ACA (11)","GTA (11)","GTCACAATA (11)","GTCGTAATA (9), GTTGTAATA (2)",11,5333,1,130,1,268,0.206,0.422984248571639,0.487015771144279,"False","False"
12,"T","X","ACA (212), GCA (9)","RCA (3)","GTCACAATA (212), GTCGCAGTA (9)","GTCRCAATA (2), GTCRCAGTA (1)",3,5333,3,130,3,268,0.056,NA,NA,"False",NA
13,"I","M","ATA (27)","ATG","ACAATAAAG (27)","ACAATGAAG",1,5333,1,130,1,268,0.019,0.267281589015251,0.0710860784313726,"False","False"
13,"I","V","ATA (401)","GTA (1021), GTG (1)","ACAATAAAG (329), TCAATAAAG (24), GCAATAAAG (21), ACAATAAGG (15), GCAATAAGG (7), ACAATAAAA (4), ACAATAGAG (1)","ACAGTAAAG (384), ACAGTAAAA (273), GCAGTAAAG (191), GAAGTAAAG (131), CCAGTAAAA (17), GCAGTAAGG (11), GCAGTAAAA (10), CCAGTAAAG (2), GAAGTAAAA (1), ACAGTGAAG (1), RCAGTAAAA (1)",1022,5333,30,130,57,268,19.164,17.2842094229862,1.10875768344451,"False","False"
13,"I","X","ATA (9)","AYA","ACAATACAG (9)","ACAAYACAG",1,5333,1,130,1,268,0.019,NA,NA,"False",NA
14,"K","E","AAG (117), AAA (105), ACA (1)","GAG, GAA","ATAAAAATA (104), ATAAAGGCA (48), ATAAAGGTA (40), GTAAAGGTA (13), ATAAAGATA (11), GTAAAGATA (5), ATAACAATA (1), ATAAAATTA (1)","ATAGAGGTA, ATAGAAATA",2,5333,2,130,2,268,0.038,0.185401216565286,0.204960898876405,"False","False"
14,"K","N","","AAT (10)","","ATAAATATA (10)",10,5333,1,130,1,268,0.188,0.0874927089409216,2.14875047619048,"False","False"
14,"K","Q","","CAG (10)","","ATACAGATA (9), AYACAGATA (1)",10,5333,1,130,1,268,0.188,0.0197900174985418,9.49973894736842,"False","False"
14,"K","R","AAG (597), AAA (9)","AGG (83)","ATAAAGATA (563), ATAAAGGTA (31), ATAAAAATA (5), GTAAAAATA (3), GTAAAGGTA (2), ATAAAAGTA (1), GTAAAGATA (1)","ATAAGGGTA (41), ATAAGGATA (30), GTAAGGATA (11), ATAAGGGYA (1)",83,5333,10,130,13,268,1.556,10.1189484209649,0.153770919197118,"False","False"
14,"K","T","AAA (105), GAA (1)","ACA","ATAAAAATA (104), ATAGAAATA (1), ATAAAATTA (1)","ATAACAATA",1,5333,1,130,1,268,0.019,0.0583284726272811,0.325741428571429,"False","False"
15,"I","A","GTA (54), ATA (16)","GCA (48)","AAGGTAGGG (53), AAGATAGGG (16), GAGGTAGGG (1)","AAGGCAGGG (47), AAGGCAGGA (1)",48,5333,1,130,4,268,0.9,0.00727643163792476,123.687,"False","True"
15,"I","L","ATA (143)","CTA (133), TTA (2)","AAAATAGGG (108), AAGATAGGG (28), AAAATAGGA (3), AAAATAGAG (2), ACAATAGGG (1), GAAATAGGG (1)","AAGCTAGGG (110), AAACTAGGG (22), AAATTAGGG (2), AAGCTAGGA (1)",135,5333,4,130,8,268,2.531,0.283780833879066,8.91885461538462,"False","False"
15,"I","M","ATA (200), GTA (2), ATC (1)","ATG","AAGATAGGA (192), AAGATAGGG (6), AAGGTAGGA (2), AAAATAGGA (2), AAGATCGGA (1)","AAGATGGGA",1,5333,1,130,1,268,0.019,0.0145528632758495,1.305585,"False","False"
15,"I","T","","ACA (11)","","AAAACAGGG (11)",11,5333,1,130,1,268,0.206,0.00103949023398925,198.17406,"False","True"
15,"I","V","ATA (514), GCA (48), ATG (1), ATC (1), GYA (1)","GTA (773), GTT (23), GTG (2)","AAGATAGGG (311), AAGATAGGA (199), AAGGCAGGG (47), AAAATAGGG (2), AAAATAGGA (2), AAGGCAGGA (1), AAGATGGGA (1), AAGATCGGA (1), AGGGYAGGG (1)","AAGGTAGGG (622), AAGGTAGAG (84), AGGGTAGGG (41), AAGGTAGGA (23), AAGGTTGGG (23), AAAGTAGGG (2), AAGGTGGGG (2), GAGGTAGGG (1)",798,5333,32,130,61,268,14.963,20.1931372854752,0.740994318439205,"False","False"
15,"I","X","GTA (9)","GYA","AGGGTAGGG (9)","AGGGYAGGG",1,5333,1,130,1,268,0.019,NA,NA,"False",NA
16,"G","E","GGG (114), GGA (7)","GAG (206)","ATAGGGGGG (113), ATAGGAGGG (7), TTAGGGGGG (1)","ATAGAGGGG (119), GTAGAGGGG (84), ATAGAGGGA (3)",206,5333,5,130,12,268,3.863,4.00089314712569,0.965534408929478,"False","False"
17,"G","E","GGG (276), GGA (1)","GAG (44)","GGGGGGCAA (275), GGGGGACAA (1), GGGGGGCAG (1)","GGAGAGCAA (18), GGGGAGCAA (15), GGGGAGCAG (10), GGAGAGTAA (1)",44,5333,4,130,4,268,0.825,0.882980007240838,0.934335990888383,"False","False"
18,"Q","*","CAA (18)","TAA","GAGCAACTA (18)","GAGTAACTA",1,5333,1,130,1,268,0.019,0,Inf,"False","True"
18,"Q","H","CAA (9)","CAC","GGGCAAATG (9)","GGGCACCTG",1,5333,1,130,1,268,0.019,0.939564769352003,0.0202221290322581,"False","False"
18,"Q","I","GTA (92), CAA (1)","ATA (135)","GGGGTACTA (92), GGGCAAATA (1)","GGGATACTA (135)",135,5333,1,130,4,268,2.531,0.113151886201532,22.3681644642857,"False","False"
18,"Q","K","CAA (18), CAG (3)","AAG","GGGCAACTA (17), GGGCAGCTA (3), GGGCAAATA (1)","GGGAAGCTA",1,5333,1,130,1,268,0.019,0.0616273665919056,0.308304590163934,"False","False"
18,"Q","L","CAA (117), CAG (15)","CTA (15), CTG (9)","GGGCAACTA (116), GGGCAGCTA (15), GGGCAATTA (1)","GGGCTACTA (15), GGGCTGCTA (9)",24,5333,2,130,3,268,0.45,0.397041886403589,1.13338167938931,"False","False"
18,"Q","M","TG-","ATG (28)","GGGTG-TTA","GGGATGTTA (27), GGGATGTTG (1)",28,5333,1,130,2,268,0.525,0.0454628114202582,11.5479,"False","False"
18,"Q","P","CAA (89), CGA (2), CAG (1)","CCA","GGGCAACTA (89), GGGCGACTA (2), GGGCAGCTA (1)","GGGCCACTA",1,5333,1,130,1,268,0.019,0.0151542704734194,1.253772,"False","False"
18,"Q","R","CAA (89), CAG (39), CCA (1)","CGG (2), CGA (2)","GGGCAACTA (89), GGGCAGCTA (30), GGACAGCTA (9), GGGCCACTA (1)","GGGCGACTA (2), GGGCGGCTA (1), GGACGGCCA (1)",4,5333,3,130,3,268,0.075,0.0464730961184862,1.61383695652174,"False","False"
18,"Q","V","ATA (135), CAA (1)","GTA (92)","GGGATACTA (135), GGGCAAATA (1)","GGGGTACTA (92)",92,5333,1,130,4,268,1.725,0.0131337010769635,131.3415,"False","False"
18,"Q","X","CAA (52), ATG (28)","AA- (2), TG- (1)","GGGCAACTG (50), GGGATGTTA (27), GGGCAACTA (2), GGGATGTTG (1)","GGCAA-CTG (2), GGGTG-TTA (1)",3,5333,2,130,2,268,0.056,NA,NA,"False",NA
19,"L","E","","GAG (11)","","CAAGAGAAG (11)",11,5334,1,130,1,268,0.206,0.118317626239763,1.74107617391304,"False","False"
19,"L","I","CTA (482), TTA (14), GTA (4), AAA (1), ACA (1), CCA (1)","ATA (472), ATC (1)","CAACTAAAG (139), ATACTAAAG (135), CAGCTAAAG (108), GTACTAAAG (92), CAATTAATG (14), CAACTAAAA (5), CAAGTAAAG (4), CAAAAAATG (1), CAAACAAAG (1), CAACCAAAG (1), CAACTAGAG (1), CAGCTAAAA (1), AAGCTAAAG (1)","CAAATAAAG (403), CAAATAATG (49), CAGATAAAG (16), CAAATAACG (3), ATAATG (1), CAAATCAAG (1)",473,5334,18,130,29,268,8.868,8.41392649903288,1.05396689655172,"False","False"
19,"L","K","ATA (84)","AAA","CAAATAATG (49), CAAATAAAG (34), ATAATG (1)","CAAAAAATG",1,5334,1,130,1,268,0.019,0.00823079139059221,2.308405,"False","True"
19,"L","M","CTG","ATG (9)","CACCTGAAG","CAAATGAAG (9)",9,5334,1,130,1,268,0.169,0.0915675542203383,1.84563191011236,"False","False"
19,"L","P","CTA (130), ATA (1)","CCA (2)","CAACTAAAG (120), CAGCTAAAG (9), CAACTAGAG (1), CAAATAAAG (1)","CAACCAAAG, CGGCCAAAG",2,5334,2,130,2,268,0.037,0.174904317050084,0.211544235294118,"False","False"
19,"L","Q","","CAA (12)","","CAACAAAAG (12)",12,5334,1,130,1,268,0.225,1.90234166015062,0.118275283937263,"False","False"
19,"L","S","CTA (5)","TCA (5)","CAGCTAAAG (5)","CAGTCAAAG (5)",5,5334,1,130,1,268,0.094,0.194452446602741,0.483408677248677,"False","False"
19,"L","T","ATA (117)","ACA (57)","CAAATAAAG (113), CAAATAACG (3), CAGATAAAG (1)","CAAACAAAA (46), CAAACAAGG (10), CAAACAAAG (1)",57,5334,3,130,3,268,1.069,0.981521873328121,1.08912498951782,"False","False"
19,"L","V","ATA (32), TTA (14), CTA (7)","GTA (28)","CAAATAAAG (32), CAATTAATG (14), CAACTAAAG (7)","CAGGTAAAG (14), CAAGTAAAG (14)",28,5334,4,130,4,268,0.525,1.91365899831269,0.274343548387097,"False","False"
20,"K","E","AAG (122)","GAG","CTAAAGGAG (119), CCAAAGGAG (1), ATAAAGGAG (1), CTAAAGGGG (1)","CTAGAGGAG",1,5334,1,130,1,268,0.019,0.00715636661043807,2.65497857142857,"False","True"
20,"K","M","AAG (44)","ATG (65)","ATAAAGGAA (36), CTAAAGGAA (5), GTAAAGGAA (3)","ATAATGGAA (50), TTAATGGAA (14), AAAATGGAA (1)",65,5334,2,130,4,268,1.219,0.826049174461995,1.47569907178218,"False","False"
20,"K","Q","AAG (58)","CAG","TTAAAGGAA (58)","TTACAGGAA",1,5334,1,130,1,268,0.019,0.0122680570464653,1.5487375,"False","False"
20,"K","R","AAG (478), AAA (5), ACG (1)","AGG (350)","CTAAAGGAA (357), CTGAAGGAA (71), CTAAAGGAG (49), CTAAAAGAA (5), TTAAAGGAA (1), TTAACGGAA (1)","CTAAGGGAA (310), CTGAGGGAA (30), ACAAGGGAA (10)",350,5334,10,130,21,268,6.562,4.57087358789552,1.43561178707224,"False","False"
20,"K","T","AAG (176), AGG (31)","ACG (4)","ATAAAGGAA (114), CTAAAGGAA (60), CTAAGGGAA (31), ACAAAGGAA (1), CTGAAGGAA (1)","ATAACGGAA (3), TTAACGGAA (1)",4,5334,2,130,2,268,0.075,1.08879006287379,0.0688838028169014,"False","False"
21,"E","D","","GAC (10)","","AAGGACGCT (10)",10,5334,1,130,1,268,0.187,0.0150708329146991,12.4080733333333,"False","False"
21,"E","G","GAG (122)","GGG","AAGGAGGCT (120), GAGGAGGCT (1), AAGGAGGCC (1)","AAGGGGGCT",1,5334,1,130,1,268,0.019,0.0210991660805787,0.900509523809524,"False","False"
21,"E","K","GAA (192)","AAA","AAGGAAGCT (192)","AAGAAAGCT",1,5334,1,130,1,268,0.019,0.0723399979905556,0.262648611111111,"False","False"
21,"E","Q","","CAA (33)","","AAGCAAGCT (32), AAACAAGCT (1)",33,5334,1,130,2,268,0.619,0.033155832412338,18.6694151515151,"False","False"
22,"A","G","GCT (105), GCC (1)","GGT","GAAGCTCTA (102), GAAGCTCTT (2), GAGGCTCTA (1), GAAGCCCTA (1)","GAAGGTCTA",1,5334,1,130,1,268,0.019,0.00200684333577499,9.467605,"False","True"
23,"L","I","CTA (158)","ATA (5)","GCTCTATTA (157), GCTCTATTG (1)","GCTATATTA (5)",5,5335,1,130,3,268,0.094,0.251011576653915,0.37448472,"False","False"
23,"L","P","CTA (180)","CCA (2)","GCTCTATTA (179), GCCCTATTA (1)","GCTCCATTA (2)",2,5335,2,130,2,268,0.037,0.00401618522646264,9.2127225,"False","True"
23,"L","V","CTA (57), CTG (1)","GTA","GCTCTATTA (56), GCTCTACTA (1), GCTCTGTTA (1)","GCTGTATTA",1,5335,1,130,1,268,0.019,0.0180728335190819,1.05130166666667,"False","False"
23,"L","X","CTA (139), TTA (1)","TA- (14), YTW (1)","GCTCTATTA (139), GCTTTATTA (1)","GCTTA-TTA (14), GCTYTWTTA (1)",15,5335,2,130,2,268,0.281,NA,NA,"False",NA
24,"L","V","TTA (123)","GTA","CTATTAGAT (123)","CTAGTAGAT",1,5335,1,130,1,268,0.019,0.00301428772381086,6.30331333333333,"False","True"
24,"L","X","TTA (11)","TA-","CTATTAGAT (11)","CTTTA-GAT",1,5335,1,130,1,268,0.019,NA,NA,"False",NA
25,"D","G","GAT (146), GAC (2)","GGT (2)","TTAGATACA (142), TTAGATACG (3), TTAGACACA (2), TTAGATGCA (1)","TTAGGTACA (2)",2,5335,2,130,2,268,0.037,0.00401699187563393,9.2108725,"False","True"
25,"D","X","GAT (206)","SAT, TT-","TTAGATACA (203), TTGGATACA (3)","TTASATACA, TTATT-ACA",2,5335,2,130,2,268,0.037,NA,NA,"False",NA
25,"D","Y","GAT (191), GAC (1)","TAT","TTAGATACA (190), TTAGATACG (1), TTAGACACA (1)","TTATATACA",1,5335,1,130,1,268,0.019,0.00502123984454241,3.783926,"False","True"
26,"T","A","ACA (241), ACG (3)","GCA (4)","GATACAGGA (218), GATACAGGG (21), GATACGGGA (3), GGTACAGGA (1), GACACAGGA (1)","GATGCAGGA (3), GATGCAGGG (1)",4,5335,4,130,4,268,0.075,0.00702078151327931,10.6825714285714,"False","True"
27,"G","E","GGA (227)","GAA","ACAGGAGCA (227)","ACAGAAGCA",1,5335,1,130,1,268,0.019,0.00200523365985221,9.475205,"True","True"
28,"A","-","GCA (64), GTA (1)","--- (2)","GGAGCAGAT (64), GGAGTAGAT (1)","GGA---GAT (2)",2,5335,1,130,1,268,0.037,0,Inf,"False","True"
28,"A","T","GCA (34)","ACA","GGAGCAGAT (34)","GGAACAGAT",1,5335,1,130,1,268,0.019,0.00300803144395536,6.31642333333333,"False","True"
28,"A","V","GCA (254), --- (2)","GTA (3)","GGAGCAGAT (254), GGA---GAT (2)","GGAGTAGAT (3)",3,5335,3,130,3,268,0.056,0.00200535429597024,27.92524,"False","True"
29,"D","G","GAT (371)","GGT (6)","GCAGATGAT (369), GCAGATGGT (1), GCAGATGAC (1)","GCAGGTGAT (6)",6,5335,5,130,6,268,0.112,0.0100299896691106,11.166512,"False","False"
29,"D","N","GAT (106)","AAT","GCAGATGAT (106)","GCAAATGAT",1,5335,1,130,1,268,0.019,0.00702099276837745,2.70617,"True","True"
29,"D","X","GAT (9)","T--","GCAGATGAT (9)","GCAT--GAT",1,5335,1,130,1,268,0.019,NA,NA,"False",NA
30,"D","A","GAT (10)","GCT","GATGATACA (10)","GATGCTACA",1,5335,1,130,1,268,0.019,0.00200912141120688,9.45687,"False","True"
30,"D","G","GAT (345)","GGT (3)","GATGATACA (250), GACGATACA (92), GGTGATACA (1), GATGATGCA (1), GGTGATACG (1)","GATGGTACA (2), GACGGTACA (1)",3,5335,3,130,3,268,0.056,0.00401824282241376,13.93644,"False","True"
30,"D","N","GAT (386)","AAT (24)","GATGATACA (386)","GATAATACA (24)",24,5335,3,130,3,268,0.45,1.94683864745947,0.231143962848297,"False","False"
30,"D","X","GAT (9)","GRT","GATGATACA (9)","GATGRTACA",1,5335,1,130,1,268,0.019,NA,NA,"False",NA
31,"T","A","ACA (130), ACG (1)","GCA (2)","GATACAGTA (127), GACACAGTA (1), GATACAGCA (1), GATACGGTA (1), GGTACAGTA (1)","GATGCAGTA (2)",2,5335,2,130,2,268,0.037,0.0100280786201364,3.68964,"False","False"
31,"T","P","ACA (277)","CCA","GATACAGTA (275), GATACAGCA (2)","GATCCAGTA",1,5335,1,130,1,268,0.019,0.0120336943441637,1.5789,"False","False"
31,"T","S","ACA (57)","TCA (2)","GATACAGTA (56), GATACAGTC (1)","GATTCAGTA (2)",2,5335,1,130,1,268,0.037,0.0130365022061773,2.83818461538461,"False","False"
32,"V","A","GTA (425)","GCA (4)","ACAGTATTA (391), ACAGTACTA (28), ACAGTATTG (3), CCAGTATTA (1), GCAGTATTA (1), ACGGTATTA (1)","ACAGCATTA (3), ACAGCACTA (1)",4,5335,3,130,4,268,0.075,0.0160658700672758,4.66828125,"False","False"
33,"L","I","TTA (133), CTA (1)","ATA (24)","GTATTAGAA (133), GTACTAGAA (1)","GTAATAGAA (24)",24,5335,3,130,3,268,0.45,1.38304452308285,0.325369134897361,"False","False"
33,"L","V","TTA (73), CTA (1)","GTA (113), GTG (1)","GTATTAGAA (72), GTACTAGAA (1), GTGTTAGAA (1)","GTAGTAGAA (112), GTGGTAGAA (1), GTAGTG--- (1)",114,5335,4,130,5,268,2.137,2.19827018038389,0.972128002767528,"False","False"
34,"E","-","GAA (92)","---","GTAGAAGAA (92)","GTG------",1,5335,1,130,1,268,0.019,0,Inf,"False","True"
34,"E","D","GAA (195), GGA (1)","GAC (35)","TTAGAAGAC (117), TTAGAAGAA (76), TTAGAAGAT (2), TTAGGAGAA (1)","TTAGACGAA (34), CTAGACGAA (1)",35,5335,2,130,4,268,0.656,0.101726325967407,6.44867485148515,"False","False"
34,"E","G","GAA (225), GAC (3)","GGA (2)","TTAGAAGAC (143), TTAGAAGAA (76), TTGGAAGAC (3), TTAGACGAA (2), TTAGAAGAT (2), CTAGACGAA (1), CTAGAAGAC (1)","TTAGGAGAA, TTAGGAGAC",2,5335,2,130,2,268,0.037,0.0574099067340813,0.644488070175439,"False","False"
34,"E","K","GAA (611), GAG (1)","AAA (6)","TTAGAAGAA (571), TTAGAAGAC (28), TTAGAAGAG (5), TTAGAAAAA (3), CTAGAAGAA (3), TTAGAGGAA (1), TTGGAAGAA (1)","TTAAAAGAA (3), TTAAAAAAA (2), TTAAAAGAC (1)",6,5335,6,130,6,268,0.112,0.108776665390891,1.02963259259259,"False","False"
35,"E","-","GAA (92)","---","GAAGAAATG (91), GAAGAAATA (1)","---------",1,5335,1,130,1,268,0.019,0,Inf,"False","True"
35,"E","A","GAA (12)","GCA","GAAGAAATG (12)","GAAGCAATG",1,5335,1,130,1,268,0.019,0.00719764739753635,2.63975142857143,"False","True"
35,"E","D","GAA (596), GGC (1), AAC (1)","GAC (1441), GAT (52)","GAAGAAATG (278), GAAGAAATA (226), GACGAAATG (32), GAAGAAACA (20), GAAGAAGTA (15), GAGGAAATG (10), GAAGAATTA (4), GAAGAACTG (3), GACGAAATA (3), GAAGAACTA (2), GAAGAAGTG (1), GGAGAAATA (1), GAAGAAACC (1), GAAGGCATG (1), GAAAACATA (1)","GAAGACATG (1063), GAAGACATA (355), GAAGATATG (47), GAGGACATA (9), GAAGATATA (5), GAGGACATG (5), GAAGACGTG (2), GAAGACATC (2), AAAGACATG (1), GAAGACCTG (1), GAAGACGTA (1), GAAGACACG (1), GGAGACATG (1)",1493,5335,40,130,79,268,27.985,31.7148909042302,0.882393071586046,"False","False"
35,"E","G","GAC (73), GAT (1)","GGC","GAAGACATG (70), GAAGACATA (2), GAAGACGTG (1), GAAGATATG (1)","GAAGGCATG",1,5335,1,130,1,268,0.019,0.230324716721163,0.0824922321428572,"False","False"
35,"E","K","GAA (423)","AAA (8)","GAAGAAATA (250), GAAGAAATG (171), GAGGAAATG (2)","GAAAAAATA (4), GAAAAAATG (2), AAAAAAATA (1), AAAAAAATG (1)",8,5335,5,130,8,268,0.15,0.0287905895901454,5.21003571428571,"False","False"
35,"E","N","GAC (41), GAA (5), ACC (1)","AAC (163)","GAAGACATA (41), GAAGAAATG (4), GAAACCATG (1), GAAGAAATA (1)","GAAAACATG (161), GAAAACATA (2)",163,5335,2,130,9,268,3.055,0.268369424393855,11.3835620689655,"False","False"
35,"E","T","AAC (162)","ACC","GAAAACATG (161), GAAAACATA (1)","GAAACCATG",1,5335,1,130,1,268,0.019,0.00514117671252596,3.695652,"False","True"
36,"M","-","ATG (91), ATA (1)","---","GAAATGAGT (54), GAAATGACT (33), GAAATGAAT (3), GAAATAACT (1), GAAATGGCT (1)","------AGT",1,5335,1,130,1,268,0.019,0,Inf,"False","True"
36,"M","I","ATG (1752), ACA (20), GTA (16), TTA (4), CTG (4), GTG (3), CTA (2), ACG (2), ACC (1), --- (1)","ATA (1010), ATC (2)","GAAATGAAT (593), GAAATGAGT (474), GACATGAGT (183), AACATGGAT (161), GAAATGACT (104), GACATGAAT (103), GACATGGAT (66), GAAACAAAT (18), GAAATGGCT (16), GAAGTAAGT (12), GAAATGCAA (11), GAAATGCAT (10), GATATGAGT (8), GAGATGAGC (5), GAAATGAGC (4), GAATTAAGT (3), GAACTGAAT (3), GAAATGGAT (3), GAAGTAAAT (3), GAACTAAGT (2), GAAACAAGT (2), GAAGTGAAT (2), ACCATGGAT (1), GAGATGAGT (1), GAAATGCAG (1), GAAATGATT (1), GAAATGGGT (1), GACATGCAT (1), GACCTGAGT (1), GAATTAAGC (1), GACGTAAAT (1), GAAACCAAT (1), GGCATGAAT (1), GACGTGAAT (1), GATATGAAT (1), GACACGAGT (1), GACATGGAG (1), ------AGT (1), GAAATGAGY (1), GAAACGAGT (1), GAGATGAAT (1)","GAAATAAAT (408), GACATAAAT (236), GAAATAAGT (171), GACATAAGT (82), GACATAGAT (44), GAAATAACT (26), GAGATAAAT (12), GAAATACAT (12), AAAATAAAT (5), GATATAAAT (5), AACATAGAT (2), GAAATAGAT (2), GACATCAAT (2), GAAATAAAC (1), GAAATAGCT (1), GACATAAAA (1), GACATAAAC (1), GAAATACGT (1)",1012,5335,43,130,78,268,18.969,19.8049158686587,0.957792505951436,"False","False"
36,"M","L","ATA (308), ATG (290), GTA (11), ACA (3), GTG (1), ACG (1)","CTG (90), TTA (4), CTA (2), TTG (1)","GAAATAAGT (148), GAAATGAAT (98), GACATAAAT (82), GAAATGAGT (73), GACATGAGT (62), GACATAAGT (52), GACATGAAT (31), GAAATAAAT (21), GAAATGGAA (16), GAAGTAAGT (11), GATATGAGT (8), GAAACAAGT (2), GAAATGGAT (2), GATATAAAT (2), GAAGTGAAT (1), GAAATAGAT (1), GACATAAAA (1), GAAACAAAT (1), GACATAAAC (1), GAAACGAAT (1)","GAACTGAGT (78), GAACTGAAT (10), GAATTAAGT (3), GAACTAAGT (2), GAACTGAGC (1), GACCTGAGT (1), GAATTAAGC (1), GAATTGAGT (1)",97,5335,7,130,11,268,1.818,1.22582402615091,1.483084,"False","False"
36,"M","T","ATG (349), ATA (342), GTA (16), TTA (4), CTA (2), CTG (1)","ACA (20), ACG (3), ACC (1)","GAAATGAGT (185), GAAATAAGT (165), GACATGAGT (121), GACATAAAT (106), GAAATAAAT (38), GAAATGAAT (16), GAAATGGAA (16), GAAGTAAGT (12), GAAATACAT (10), GAAATAACT (10), GACATAAGT (5), GAGATGAGC (5), GATATAAAT (4), GAAATGAGC (4), GAATTAAGT (3), GAAGTAAAT (3), GAACTAAGT (2), GAAATAGAT (1), GACATAAAA (1), GAATTAAGC (1), GACATAAAC (1), GAAATACGT (1), GAAATGCAT (1), GACGTAAAT (1), GAACTGAAT (1), GAAATGAGY (1)","GAAACAAAT (18), GAAACAAGT (2), GAAACCAAT (1), GACACGAGT (1), GAAACGAAT (1), GAAACGAGT (1)",24,5335,6,130,9,268,0.45,0.148775223686692,3.02469718309859,"False","False"
36,"M","V","ATG (457), ATA (209), ACA (18), CTG (3), CTA (2), TTA (1), ACC (1)","GTA (16), GTG (5)","GAAATGAAT (181), GAAATAAGT (134), GACATGCAT (128), GACATGAAT (101), GAAATGAGT (38), GACATAAAT (26), GAAATAAAT (24), GAAACAAAT (17), GAAATACAT (10), GAAATAACT (10), GAACTGAAT (3), GAACTAAGT (2), GACATAAGT (2), GAAATGCAT (2), GAAATGGAT (2), GATATAAAT (2), GAATTAAGT (1), GAAACAAGT (1), GACATGCAG (1), GACATGCCT (1), GACATGAGT (1), GAAATACGT (1), GAAACCAAT (1), GGCATGAAT (1), GATATGAAT (1)","GAAGTAAGT (12), GAAGTAAAT (3), GAAGTGAAT (2), GACGTGCAT (1), GACGTAAAT (1), GAAGTGAGT (1), GACGTGAAT (1)",21,5335,7,130,10,268,0.394,0.610816587389728,0.645038147512864,"False","False"
37,"N","A","AGT (96), ACT (59), AAT (40), GAT (15), CAT (12), CAA (11), TCT (8), CAG (1), ATT (1), GGT (1)","GCT (253)","ATGAGTTTG (95), ATGACTTTG (58), ATGAATTTG (40), ATGGATTTG (15), ATGCAATTG (11), ATGCATTTG (9), ATGTCTTTG (8), ATACATTTG (2), ATGCAGTTG (1), ATGATTTTG (1), ATGGGTTTG (1), ATGCATTTA (1), ATAACTTTG (1), ---AGTTTG (1)","ATGGCTTTG (252), ATAGCTTTG (1)",253,5335,6,130,12,268,4.742,0.918852502804637,5.16078476744186,"False","False"
37,"N","C","TAT","TGT (32)","ATGTATTTA","ATGTGTTTA (22), ATGTGTTTG (10)",32,5335,2,130,2,268,0.6,1.31737806506758,0.455450121654501,"False","False"
37,"N","D","AAT (274), GCT (212), AGT (45), AAC (19), AAA (1), AGC (1), GAG (1)","GAT (356), GAC (20)","ATGGCTTTG (212), ATGAATTTG (161), ATAAATTTA (102), ATAAGTTTA (30), ATGAACTTG (18), ATGAGTTTG (7), ATGAGTCTG (4), CTGAATTTG (3), ATAAATTTG (3), TTAAGTTTA (2), ATGAATGTG (2), GTGAATTTG (1), ATAAAATTA (1), ACAAATTTA (1), ACAAGTTTA (1), ATAAGTTTG (1), TTAAGCTTA (1), ATAAACTTA (1), ATGGAGTTA (1), ATGAATTTA (1)","ATGGATTTG (217), ATGGATTTA (86), ATAGATTTG (42), ATGGACTTA (11), ATGGACTTG (9), ATGGATCTG (5), ATAGATTTA (4), ATAGATCTG (2)",376,5335,16,130,27,268,7.048,11.6138682621935,0.606860680772769,"False","False"
37,"N","E","GAT (30), AAT (12)","GAG (138), GAA (26)","ATGGATTTA (29), ATGAATTTG (9), ATAGATTTA (1), ATGAATTTA (1), ACGAATTTG (1), CTGAATTTG (1)","ATGGAGTTG (134), ATGGAATTG (25), ATGGAGCTG (2), ATGGAGTTC (1), ATGGAGTTA (1), ATGGAACTG (1)",164,5335,6,130,10,268,3.074,3.6892996420749,0.833220474949319,"False","False"
37,"N","G","AGT (41), AAT (36), ACT (25), GCT (16), CAT (12), CAA (11), CAG (1), ATT (1)","GGT","ATGAGTTTG (41), ATGAATTTG (36), ATGACTTTG (25), ATGGCTTTG (15), ATGCAATTG (11), ATGCATTTG (9), ATACATTTG (2), ATGCAGTTG (1), ATGATTTTG (1), ATGCATTTA (1), ATAGCTTTG (1)","ATGGGTTTG",1,5335,1,130,1,268,0.019,0.0138896308563492,1.36792692307692,"False","False"
37,"N","H","AAT (105), AGT (57), ACT (35), GCT (16), CAA (11), CAG (2), ATT (1), GGT (1), CCT (1), CGT (1)","CAT (153)","ATAAATTTG (43), ATGAGTTTG (41), ATGAATTTG (37), ATGACTTTG (25), ACAAATTTG (17), ATGGCTTTG (15), ATAAGTTTG (15), ATGCAATTG (11), ATAACTTTG (10), GTAAATTTG (4), ATGCAGTTG (2), ATGATTTTG (1), ATGGGTTTG (1), ATAGCTTTG (1), ATGCCTTTG (1), ATAAATTGG (1), ATAAATATG (1), GTAAGTTTG (1), ATACGTTTG (1), ATAAATGTG (1), ACCAATTTG (1)","ATGCATTTG (137), ATACATTTG (12), ATGCATTTA (2), ATGCATCTG (1), GTGCATTTG (1)",153,5335,3,130,16,268,2.868,1.15818152679096,2.47629575645756,"False","False"
37,"N","I","AGT (100), AAT (82), ACT (43), GCT (16), CAT (12), CAA (11), CAG (1), GGT (1)","ATT (5)","ATGAGTTTG (96), ATGAATTTG (59), ATGACTTTG (43), ATGAATTTA (23), ATGGCTTTG (15), ATGCAATTG (11), ATGCATTTG (9), ATGAGTTTA (3), ATACATTTG (2), ATGCAGTTG (1), ATGGGTTTG (1), ATGCATTTA (1), ATAGCTTTG (1), ATGAGTTTC (1)","ATGATTTTG (4), ATGATTTTA (1)",5,5335,4,130,4,268,0.094,0.0993642822800363,0.946013978494624,"False","False"
37,"N","K","AAT (103), AGT (34), GAT (1), AGC (1), AAC (1)","AAA","ATAAATTTA (102), ATAAGTTTA (30), TTAAGTTTA (2), ATAGATTTA (1), ACAAATTTA (1), ACAAGTTTA (1), ATAAGTTTG (1), TTAAGCTTA (1), ATAAACTTA (1)","ATAAAATTA",1,5335,1,130,1,268,0.019,0.245739622843101,0.0773176086956522,"False","False"
37,"N","P","CAT (130), CAG (1)","CCT","ATGCATTTG (127), ATGCATCTG (1), GTGCATTTG (1), ATGCAGTTG (1), ATGCATTTA (1)","ATGCCTTTG",1,5335,1,130,1,268,0.019,0.153854372562637,0.123493402777778,"False","False"
37,"N","Q","CAT (142), AGT (41), AAT (36), ACT (25), GCT (16), ATT (1), GGT (1), CCT (1)","CAA (11), CAG (2)","ATGCATTTG (136), ATGAGTTTG (41), ATGAATTTG (36), ATGACTTTG (25), ATGGCTTTG (15), ATACATTTG (2), ATGCATTTA (2), ATGATTTTG (1), ATGGGTTTG (1), ATAGCTTTG (1), ATGCATCTG (1), GTGCATTTG (1), ATGCCTTTG (1)","ATGCAATTG (11), ATGCAGTTG (2)",13,5335,2,130,6,268,0.244,0.467973716544687,0.521396803652968,"False","False"
37,"N","R","AAT (69), AGT (16), CAT (11), ACT (10)","CGT","ATAAATTTG (43), ACAAATTTG (17), ATAAGTTTG (15), ATACATTTG (10), ATAACTTTG (10), GTAAATTTG (4), ATAAATTGG (1), ATAAATATG (1), GTAAGTTTG (1), ATAAATGTG (1), ATGCATTTG (1), ATGAATTTG (1), ACCAATTTG (1)","ATACGTTTG",1,5335,1,130,1,268,0.019,0.0256423954271062,0.740960416666667,"False","False"
37,"N","S","AAT (891), ACT (87), GAT (46), CAT (23), GCT (19), CAA (11), ATT (4), AAC (2), CAG (1), GGT (1), AAA (1), CGT (1)","AGT (1418), AGC (11), TCT (8), AGY (1)","ATGAATTTG (349), ATAAATTTG (329), ATAAATTTA (160), ATGACTTTG (76), ATAGATTTG (40), ATGGCTTTG (18), ACAAATTTG (17), ATGAATTTA (15), ATACATTTG (12), ATGCAATTG (11), ATAACTTTG (11), ATGCATTTG (10), CTGAATTTG (9), ATGATTTTG (4), GTAAATTTG (4), ATGGATTTG (2), ATAGATTTA (2), ATAGATCTG (2), ATCAATTTG (2), ATAAACTTG (1), ATGCAGTTG (1), ATGGGTTTG (1), ATGCATTTA (1), ATAGCTTTG (1), GTGAATTTG (1), ATAAAATTA (1), ACAAATTTA (1), ATAAACTTA (1), ATAAATTGG (1), ATAAATATG (1), ATACGTTTG (1), ATAAATGTG (1), ACCAATTTG (1)","ATGAGTTTG (811), ATGAGTTTA (243), ATAAGTTTG (155), ATAAGTTTA (95), CTGAGTTTG (78), GTAAGTTTG (12), ATGAGCTTG (9), ATGTCTTTG (8), ATGAGTCTG (4), ATAAGTTTT (3), CTAAGTTTG (2), ATGAGTTTT (2), TTAAGTTTA (2), TTAAGTTTG (1), ACAAGTTTG (1), CTGAGCTTG (1), CTGAGTTTA (1), ACAAGTTTA (1), TTAAGCTTA (1), GTGAGTTTA (1), ACGAGTTTA (1), ATGAGTCTA (1), TTGAGTTTG (1), ATGAGTTTC (1), ---AGTTTG (1), ATGAGYTTG (1), ACGAGTTTG (1)",1438,5335,33,130,98,268,26.954,13.8436882312089,1.94702448869337,"False","False"
37,"N","T","AAT (168), AGT (114), CAT (23), GCT (17), CAA (11), ATT (3), CAG (1), GGT (1), CGT (1)","ACT (173)","ATGAGTTTG (97), ATGAATTTG (90), ATAAATTTG (43), ACAAATTTG (17), ATGGCTTTG (16), ATAAGTTTG (15), ATACATTTG (12), ATGCAATTG (11), ATGCATTTG (10), ATGAATTTA (10), GTAAATTTG (4), ATGATTTTG (3), ATGCAGTTG (1), ATGGGTTTG (1), ATGCATTTA (1), ATAGCTTTG (1), ATAAATTGG (1), ATAAATATG (1), GTAAGTTTG (1), ATACGTTTG (1), ATAAATGTG (1), ACCAATTTG (1), ---AGTTTG (1)","ATGACTTTG (137), ATAACTTTG (26), ATGACTTTA (10)",173,5335,8,130,17,268,3.243,2.59201880442331,1.25114833058533,"False","False"
37,"N","Y","TGT (22)","TAT","ATGTGTTTA (22)","ATGTATTTA",1,5335,1,130,1,268,0.019,0.631443987392489,0.0300897631133672,"False","False"
38,"L","F","TTG (168), TTA (116), CTG (2)","TTT (5), TTC (2)","AGTTTACCA (113), GAGTTGCCA (113), AGTTTGTCA (53), AGTTTATCA (3), GAGCTGCCA (2), ATTTTGTCA (1), AATTTGTCA (1)","AGTTTTCCA (5), GAGTTCCCA (1), AGTTTCTCA (1)",7,5335,3,130,4,268,0.131,0.0321656531135347,4.0726671875,"False","False"
38,"L","I","TTG (5), TTA (2)","ATA (3)","AATTTGCCA (5), AATTTACCA (2)","AATATACCA (3)",3,5335,1,130,1,268,0.056,0.223149218475147,0.250953153153153,"False","False"
38,"L","M","TTG (104), TGG (1), GTG (1)","ATG","AATTTGCCA (62), AGTTTGCCA (15), CATTTGCCA (10), ACTTTGCCA (10), AATTTGTCA (3), CATTTGTCA (1), AATTGGCCA (1), AATTTGCTA (1), CGTTTGCCA (1), AATGTGCCA (1), AGTTTGTCA (1)","AATATGCCA",1,5335,1,130,1,268,0.019,0.0271397698145449,0.70007962962963,"False","False"
38,"L","V","TTG (123), TGG (1), ATG (1)","GTG (3)","AATTTGCCA (63), AGTTTGCCA (15), GATTTGCCA (11), CATTTGCCA (10), ACTTTGCCA (10), GATTTGACA (6), AATTTGTCA (3), CATTTGTCA (1), AATTGGCCA (1), AATATGCCA (1), AATTTGCTA (1), CGTTTGCCA (1), AGTTTGTCA (1), GATTTGTCA (1)","AATGTGCCA (3)",3,5335,2,130,2,268,0.056,0.0351811830929286,1.59176,"False","False"
38,"L","W","TTG (104), ATG (1), GTG (1)","TGG","AATTTGCCA (62), AGTTTGCCA (15), CATTTGCCA (10), ACTTTGCCA (10), AATTTGTCA (3), CATTTGTCA (1), AATATGCCA (1), AATTTGCTA (1), CGTTTGCCA (1), AATGTGCCA (1), AGTTTGTCA (1)","AATTGGCCA",1,5335,1,130,1,268,0.019,0.050258832989898,0.378043,"False","False"
39,"P","L","CCA (249), TCA (6), CAA (2)","CTA (17), CTT (1)","TTGCCAGGA (123), TTACCAGGA (83), TTACCAGGG (38), TTGTCAGGA (5), TTACAAGGG (2), TTATCAGGG (1), TTGCCAGGG (1), TGGCCAGGA (1), ATGCCAGGA (1), GTGCCAGGA (1), CTGCCAGGA (1)","TTACTAGGG (16), TTGCTAGGA (1), TTGCTTGGA (1)",18,5335,3,130,5,268,0.337,0.0609421658845755,5.529833,"False","False"
39,"P","Q","CCA (122), CTA (16), TCA (1)","CAA (2)","TTACCAGGA (83), TTACCAGGG (38), TTACTAGGG (16), TTATCAGGG (1), TTGCCAGGG (1)","TTACAAGGG (2)",2,5335,1,130,1,268,0.037,1.0695350112743,0.0345944729344729,"False","False"
39,"P","S","CCA (915), CTA (17), ACA (9), CAA (2)","TCA (191)","TTGCCAGGA (653), TTGCCAGGG (123), TTACCAGGA (95), TTACCAGGG (38), TTACTAGGG (16), TTGACAGGA (6), TTGACAGGG (3), GTGCCAGGA (3), TTACAAGGG (2), CTGCCAGGA (1), TGGCCAGGA (1), ATGCCAGGA (1), TTGCTAGGA (1)","TTGTCAGGA (165), TTATCAGGA (13), TTGTCAGGG (11), TTATCAGGG (1), TTCTCAGGA (1)",191,5335,12,130,25,268,3.58,2.13602291425437,1.6760119828816,"False","False"
39,"P","T","CCA (157), TCA (12)","ACA (10)","TTGCCAGGG (122), TTGCCAGGA (30), TTGTCAGGG (11), GTGCCAGGA (2), TTACCAGGA (2), TTGTCAGGA (1), CTGCCAGGA (1)","TTGACAGGA (7), TTGACAGGG (3)",10,5335,3,130,4,268,0.187,0.428626566721515,0.436277203791469,"False","False"
39,"P","X","CCA (202), CCG (11), CCR (1)","CYA, CYG","TTGCCAGGA (191), TTGCCGGGA (11), TTACCAGGA (10), TTGCCRGGA (1), TTGCCAGGG (1)","TTGCYAGGA, TTGCYGGGA",2,5335,2,130,2,268,0.037,NA,NA,"False",NA
40,"G","E","GGA (73)","GAA (2)","CCAGGAAGA (69), CCAGGAAGG (2), CCCGGAAGA (1), CCGGGAAGA (1)","CCAGAAAGA (2)",2,5335,1,130,1,268,0.037,0.00802214110946212,4.612235,"True","True"
41,"R","G","AGA (174), AAA (89)","GGA (2)","GGAAGATGG (123), GGAAAATGG (82), GGGAGATGG (49), GGGAAATGG (7), GGAAGATAG (1), GGGAGATGA (1)","GGAGGATGG, GGGGGATGG",2,5335,2,130,2,268,0.037,0.0155596817526426,2.37794066666667,"False","False"
41,"R","K","AGA (978), AGG (12), GGA (1), AA- (1)","AAA (1753), AAG (4)","GGAAGATGG (705), GGGAGATGG (272), GGAAGGTGG (12), GGGGGATGG (1), GGGAGATGA (1), GGAAA-TGG (1)","GGAAAATGG (1717), GGGAAATGG (33), GGAAAGTGG (4), GGAAAATGA (2), GGTAAATGG (1)",1757,5335,51,130,100,268,32.933,30.8527742912565,1.06742426755875,"False","False"
41,"R","X","AGA (224), AAA (121), AAG (1)","AA-, RGA, GA-","GGAAGATGG (222), GGAAAATGG (121), GGAAAGTGG (1), GGGAGATGG (1), GGAAGATAG (1)","GGAAA-TGG, GGARGATGG, GGAGA-TGG",3,5335,3,130,3,268,0.056,NA,NA,"False",NA
42,"W","*","TGG (1081)","TGA (5), TAG (2), TAA (1)","AGATGGAAA (667), AAATGGAAA (352), AGGTGGAAA (55), GGATGGAAA (2), AAATGGAAT (1), AAATGGAGA (1), AGATGGAAG (1), AGATGGAGA (1), RGATGGAAA (1)","AGATGAAAA (3), AGATAGAAA (2), AAATGAAAA (2), AGATAAAAA (1)",8,5335,8,130,8,268,0.15,0,Inf,"True","True"
43,"K","E","AAA (227), AGA (2)","GAA (5)","TGGAAACCA (225), TGGAGACCA (2), TGGAAATCA (1), TGGAAACCG (1)","TGGGAACCA (5)",5,5335,3,130,5,268,0.094,0.0192912986089958,4.87266315789474,"False","False"
43,"K","N","AAA (159)","AAT","TGGAAACCA (158), TGAAAACCA (1)","TGGAATCCA",1,5335,1,130,1,268,0.019,0.0284292821606254,0.668325,"False","False"
43,"K","R","AAA (1085), GAA (4), AAG (2)","AGA (39), AGG (5)","TGGAAACCA (1080), TGGGAACCA (4), TGGAAGCCA (2), TGGAAACCG (2), TGAAAACCA (1), TGGAAATCA (1), TAGAAACCA (1)","TGGAGACCA (39), TGGAGGCCA (5)",44,5335,12,130,13,268,0.825,2.201238704437,0.37478897601476,"False","False"
44,"P","Q","CCA (13)","CAA","AAACCAAAA (13)","AAACAAAAA",1,5335,1,130,1,268,0.019,0.00300769971126083,6.31712,"False","True"
44,"P","S","CCA (91), CCG (1)","TCA","AAACCAAAA (88), GAACCAAAA (2), AGACCAAAA (1), AAACCGAAA (1)","AAATCAAAA",1,5335,1,130,1,268,0.019,0.00100256657042028,18.95136,"False","True"
45,"K","E","AAA (53)","GAA","CCAAAAATG (53)","CCAGAAATG",1,5335,1,130,1,268,0.019,0,Inf,"False","True"
45,"K","R","AAA (670), AAG (13)","AGA (240), AGG (1)","CCAAAAATG (665), CCAAAGATG (13), CCAAAAATA (2), CCAAAATTG (1), CCAAAAGTG (1), CCAAAATG- (1)","CCAAGAATG (239), CCAAGAATA (1), CCAAGGATG (1)",241,5335,14,130,20,268,4.517,1.78780892286535,2.52655635746606,"False","False"
46,"M","I","ATG (1291), TTG (2), CCC (1)","ATA (42)","AAAATGATA (1166), AGAATGATA (124), AAATTGATA (2), AAAATGACA (1), AAACCCCTA (1)","AAAATAATA (41), AGAATAATA (1)",42,5335,9,130,12,268,0.787,5.65228003091567,0.139235847427132,"False","False"
46,"M","L","ATG (491), ATA (3)","TTG (3)","AAAATGATA (481), AGAATGATA (9), AAAATAATA (3), AAGATGATA (1)","AAATTGATA (3)",3,5335,3,130,3,268,0.056,2.31765854452264,0.0241623168056165,"False","False"
46,"M","P","ATG (105), ATA (1)","CCC","AAAATGATA (105), AAAATAATA (1)","AAACCCCTA",1,5335,1,130,1,268,0.019,0,Inf,"False","True"
46,"M","V","ATG (122)","GTG","AAAATGATA (119), AAAATGACA (1), AAAATGATG (1), AGAATGATA (1)","AAAGTGATA",1,5335,1,130,1,268,0.019,0.0986454053614286,0.192609072164948,"False","False"
46,"M","X","ATG (323)","TG- (3)","AAAATGATA (322), AGAATGATA (1)","AAATG-ATA (3)",3,5335,3,130,3,268,0.056,NA,NA,"False",NA
47,"I","L","ATA (106)","CTA","ATGATAGGA (104), ATAATAGGA (1), ATGATAGGG (1)","CCCCTAGGA",1,5335,1,130,1,268,0.019,0.00502441867475933,3.781532,"False","True"
47,"I","M","ATA (204), ACA (1)","ATG (3)","ATGATAGGG (203), GTGATAGGG (1), ATGACAGGG (1)","ATGATGGGG (3)",3,5335,3,130,3,268,0.056,0.015073256024278,3.71518933333333,"False","False"
47,"I","T","ATA (398), ATG (1)","ACA (2)","ATGATAGGG (394), ATAATAGGG (2), ATGATAGGA (1), GTGATAGGG (1), ATGATGGGG (1)","ATGACAGGG (2)",2,5335,2,130,2,268,0.037,0.00200976746990373,18.41009,"False","True"
47,"I","X","ATA (10)","RTA","ATGATAGGG (10)","ATGRTAGGG",1,5335,1,130,1,268,0.019,NA,NA,"False",NA
48,"G","R","GGG (325), GGA (1)","AGA, AGG","ATAGGGGGA (324), ATAGGAGGA (1), ATAGGGGGG (1)","ATAAGAGGA, ATAAGGGGA",2,5335,2,130,2,268,0.037,0.00903850402715568,4.09359777777778,"True","True"
49,"G","E","GGA (424)","GAA (5)","GGGGGAATT (421), GGAGGAATT (1), GGGGGAATA (1), GGGGGAGTT (1)","GGGGAAATT (5)",5,5335,4,130,4,268,0.094,0.0150446827076417,6.24805466666667,"False","False"
49,"G","R","GGA (29)","AGA","GGGGGAATT (29)","GGGAGAATT",1,5335,1,130,1,268,0.019,0.00501489423588057,3.788714,"True","True"
49,"G","V","GGA (115)","GTA","GGGGGAATT (115)","GGGGTAATT",1,5335,1,130,1,268,0.019,0.00200595769435223,9.471785,"False","True"
50,"I","L","ATT (45)","CTT","GGAATTGGA (45)","GGACTTGGA",1,5335,1,130,1,268,0.019,0.386433668911662,0.0491675584415584,"False","False"
50,"I","S","ATT (22)","AGT","GGAATTGGA (22)","GGAAGTGGA",1,5335,1,130,1,268,0.019,0,Inf,"False","True"
50,"I","V","ATT (164)","GTT (2)","GGAATTGGA (157), GGAATTGGC (2), GAAATTGGA (2), GGAATTGGG (1), GGCATTGGA (1), GGAATTGAA (1)","GGAGTTGGA (2)",2,5335,2,130,2,268,0.037,0.45870178361722,0.0806624288840263,"False","False"
51,"G","A","GGA (276), GAA (1)","GCA","ATTGGAGGT (275), ATTGGAGGG (1), ATTGAAGGT (1)","ATTGCAGGT",1,5335,1,130,1,268,0.019,0.0681895669962496,0.278635,"False","False"
51,"G","E","GGA (607), GGG (5), GGC (2), GCA (1)","GAA (4)","ATTGGAGGT (597), ATTGGAGGC (6), ATTGGGGGT (5), ATTGGAGGG (3), ATTGGCGGT (2), ATTGCAGGT (1), GTTGGAGGT (1)","ATTGAAGGT (4)",4,5335,4,130,4,268,0.075,0.00902508974950362,8.31016666666667,"True","True"
51,"G","K","GGA (10)","AAA","ATTGGAGGT (8), ATCGGAGGT (1), ATTGGAGGG (1)","ATTAAAGGT",1,5335,1,130,1,268,0.019,0.00100278774994485,18.94718,"True","True"
51,"G","R","GGA (123)","AGA","ATTGGAGGT (122), ATTGGA--- (1)","ATTAGAGGT",1,5335,1,130,1,268,0.019,0.00200557549988969,9.47359,"True","True"
52,"G","-","GGT (123)","---","GGAGGTTTT (122), AGAGGTTTT (1)","GGA------",1,5335,1,130,1,268,0.019,0,Inf,"False","True"
52,"G","D","GGT (74)","GAT","GGAGGTTTT (73), GGAGGTTCT (1)","GGAGATTTT",1,5335,1,130,1,268,0.019,0.00200527387027883,9.475015,"False","True"
52,"G","R","GGT (92)","CGT","GGAGGTTTT (90), GGAGGTTTC (1), GGGGGTTTT (1)","GGACGTTTT",1,5335,1,130,1,268,0.019,0.00401054774055767,4.7375075,"True","True"
53,"F","-","TTT (123)","---","GGTTTTATC (123)","---------",1,5335,1,130,1,268,0.019,0,Inf,"False","True"
53,"F","L","TTT (9)","CTT","GGTTTTATC (9)","GGTCTTATC",1,5335,1,130,1,268,0.019,1.10000704487586,0.0172726166514181,"False","False"
53,"F","S","TTT (74)","TCT","GGTTTTATC (73), GATTTTATC (1)","GGTTCTATC",1,5335,1,130,1,268,0.019,0.00100641083703189,18.87897,"False","True"
53,"F","X","TTT (140)","TT-","GGTTTTATC (140)","GGTTT-ATC",1,5335,1,130,1,268,0.019,NA,NA,"False",NA
54,"I","-","ATC (123)","---","TTTATCAAA (123)","---------",1,5335,1,130,1,268,0.019,0,Inf,"False","True"
54,"I","V","ATC (66)","GTC","TTTATCAAA (66)","TTTGTCAAA",1,5335,1,130,1,268,0.019,5.506146607983,0.00345068908489526,"False","False"
55,"K","-","AAA (123)","---","ATCAAAGTA (92), ATCAAAGTT (31)","---------",1,5335,1,130,1,268,0.019,0,Inf,"False","True"
55,"K","R","AAA (58)","AGA","ATCAAAGTA (58)","ATCAGAGTA",1,5335,1,130,1,268,0.019,1.64036963802914,0.0115827552275523,"False","False"
56,"V","-","GTA (92), GTT (31)","---","AAAGTAAGA (92), AAAGTTAGA (31)","---------",1,5335,1,130,1,268,0.019,0,Inf,"False","True"
56,"V","A","GTA (639), GTC (1), GTG (1), ATA (1)","GCA (5)","AAAGTAAGA (409), AAAGTAAAA (226), AAAGTAAGG (3), AAAGTCAGA (1), AAAGTGAGA (1), AAGGTAAGA (1), AAAATAAAA (1)","AAAGCAAGA (4), AAAGCAAAA (1)",5,5335,5,130,5,268,0.094,0.00902463725971903,10.4159311111111,"False","True"
56,"V","I","GTA (226), GCA (1)","ATA","AAAGTAAAA (226), AAAGCAAAA (1)","AAAATAAAA",1,5335,1,130,1,268,0.019,0.00601642483981269,3.15802166666667,"False","True"
57,"R","-","AGA (123)","---","GTAAGACAG (92), GTTAGACAG (31)","---------",1,5335,1,130,1,268,0.019,0,Inf,"False","True"
57,"R","G","AGA (57), AAA (1)","GGA","GTAAGACAG (56), GTAAGACGG (1), GTAAAACAG (1)","GTAGGACAG",1,5335,1,130,1,268,0.019,0.170032976092333,0.11174303030303,"False","False"
57,"R","K","AGA (862), AGG (3), GGA (1), AA- (1), AAC (1)","AAA (1079), AAG (16)","GTAAGACAG (810), GTAAGACAA (41), GTGAGACAA (7), GTAAGGCAG (3), GTGAGACAG (3), GTAAGACGG (1), GTAGGACAG (1), GTAAA-CAG (1), GTAAACCAA (1)","GTAAAACAG (1036), GTAAAACAA (38), GTAAAGCAG (16), GTGAAACAA (3), GCAAAACAG (1), ATAAAACAG (1)",1095,5335,26,130,53,268,20.525,12.8328524319868,1.59941058379507,"False","False"
57,"R","N","AAA (59), AA- (1)","AAC","GTAAAACAA (35), GTAAAACAG (23), GTGAAACAA (1), GTAAA-CAG (1)","GTAAACCAA",1,5335,1,130,1,268,0.019,0.00309150865622424,6.14586666666667,"False","True"
57,"R","X","AAA (59), AGA (11), AAC (1)","AA-, RGA","GTAAAACAA (35), GTAAAACAG (23), GTAAGACAG (11), GTGAAACAA (1), GTAAACCAA (1)","GTAAA-CAG, GTARGACAG",2,5335,2,130,2,268,0.037,NA,NA,"False",NA
58,"Q","-","CAG (123)","---","AGACAGTAT (123)","---------",1,5335,1,130,1,268,0.019,0,Inf,"False","True"
58,"Q","E","","GAA (13)","","AGAGAATAT (13)",13,5335,1,130,1,268,0.244,1.92137364628206,0.126992477737035,"False","False"
58,"Q","K","CAG (59)","AAG","AGACAGTAT (58), AGACAGTAC (1)","AGAAAGTAT",1,5335,1,130,1,268,0.019,0.0201296348484238,0.943882,"False","False"
58,"Q","R","CAG (312)","CGG (4)","AGACAGTAT (301), AGACAGTAC (5), AGGCAGTAT (2), AGACAGTGT (2), GGACAGTAT (1), AAACAGTAT (1)","AGACGGTAT (4)",4,5335,4,130,4,268,0.075,0.00905833568179073,8.27966666666667,"False","True"
59,"Y","-","TAT (123)","---","CAGTATGAT (123)","---------",1,5335,1,130,1,268,0.019,0,Inf,"False","True"
59,"Y","C","TAT (233), TAC (3)","TGT (3)","CAGTATGAT (231), CAGTACGAT (3), CAGTATTA- (1), CGGTATGAT (1)","CAGTGTGAT (3)",3,5335,2,130,3,268,0.056,0.00802825947334618,6.97536,"False","True"
59,"Y","N","TAT (159)","AAT","CAATATGAT (158), CAGTATGAT (1)","CAAAATGAT",1,5335,1,130,1,268,0.019,0.00401412973667309,4.73328,"False","True"
59,"Y","X","TAT (9)","AT-","CAGTATGAT (9)","CAGAT-GAT",1,5335,1,130,1,268,0.019,NA,NA,"False",NA
60,"D","-","GAT (123)","---","TATGATCAG (123)","---------",1,5335,1,130,1,268,0.019,0,Inf,"False","True"
60,"D","A","GAT (134), GAC (1)","GCT","TATGATCAG (134), TATGACCAG (1)","TATGCTCAG",1,5335,1,130,1,268,0.019,0.00405260278413811,4.688345,"False","True"
60,"D","E","GAT (241), GGG (1)","GAG (373), GAA (56)","TATGATCAG (213), TATGATCAA (23), TATGATCGG (4), TATGGGCAG (1), TACGATCAG (1)","TATGAGCAG (276), TATGAGCAA (75), TATGAACAG (56), TATGAGGAA (21), TACGAGCAG (1)",429,5335,21,130,29,268,8.041,11.0686713541772,0.726464789016018,"False","False"
60,"D","G","GAG (58)","GGG","TATGAGCAG (57), TACGAGCAG (1)","TATGGGCAG",1,5335,1,130,1,268,0.019,0.00202630139206906,9.37669,"False","True"
60,"D","N","GAT (135)","AAT","TATGATCAG (135)","TATAATCAG",1,5335,1,130,1,268,0.019,0.0790257542906932,0.240427948717949,"False","False"
60,"D","X","GAT (143)","TA- (2)","TATGATCAG (137), TACGATCAG (3), TGTGATCAG (2), TATGATCGG (1)","TATTA---- (2)",2,5335,2,130,2,268,0.037,NA,NA,"False",NA
61,"Q","-","CAG (265), CGG (1)","--- (3)","GATCAGATA (221), GATCAGGTA (43), GATCGGATA (1), GATCAGATG (1)","TA------- (2), --------- (1)",3,5335,3,130,3,268,0.056,0,Inf,"False","True"
61,"Q","E","","GAG (59), GAA (21)","","GATGAGATA (59), GAGGAAGTA (11), GAGGAAATC (10)",80,5335,4,130,5,268,1.5,2.98466649111791,0.502568713946386,"False","False"
61,"Q","H","CAG (125), CAA (1)","CAT, CAC","GATCAGGTA (91), GATCAGATA (34), GATCAAGTA (1)","GATCATGTA, GATCACGTA",2,5335,2,130,2,268,0.037,0.63501387510381,0.0582664433811802,"False","False"
61,"Q","L","CAG (142), CAA (1)","CTG","GATCAGATA (142), GATCAAATA (1)","GATCTGATA",1,5335,1,130,1,268,0.019,0.0192428447001155,0.98738,"False","False"
61,"Q","R","CAG (272), CAA (5), --- (1)","CGG (7)","GATCAGATA (259), GATCAGGTA (6), GAACAGGTA (6), GATCAAATA (5), TA------- (1), GATCAGATG (1)","GATCGGATA (7)",7,5335,4,130,4,268,0.131,0.0546901902003281,2.39531074074074,"False","False"
62,"I","-","ATA (222), GTA (43), ATG (1)","--- (3)","CAGATACCT (118), CAGATACCC (92), CAGGTACTC (31), CAGGTACCA (10), CAGATACCA (7), CAGATACTA (4), CAGGTACCT (2), CGGATACCT (1), CAGATGCCT (1)","--------- (2), ------CTC (1)",3,5335,3,130,3,268,0.056,0,Inf,"False","True"
62,"I","M","ATA (119), GTA (2), --- (1)","ATG","CAGATACCT (118), CAGGTACCT (2), --------- (1), CGGATACCT (1)","CAGATGCCT",1,5335,1,130,1,268,0.019,0.123713956414622,0.153580085470085,"False","False"
62,"I","V","ATA (692), --- (3), ATG (1)","GTA (1105), GTG (49), GTT (2)","CAGATACCC (380), CAGATACCT (161), CAGATAGCC (58), CAGATACTC (56), CAGATAACC (10), CAGATACCA (7), CAAATACCC (5), CAGATACTA (4), CGGATACCA (4), CAAATACTC (2), --------- (2), ------CTC (1), CGGATACCC (1), CGGATACCT (1), CAGATGCCT (1), CAGATAGAC (1), CAGATACAC (1), CGGATACAC (1)","CAGGTACCC (636), CAAGTACAA (190), CAGGTACTC (69), CAGGTATGC (64), CAAGTACCC (40), CAGGTGCCC (28), CAGGTAACC (20), CAGGTAGCC (16), CAAGTGCCC (13), CAAGTAGCC (12), GAAGTATCT (11), CAGGTACCA (10), CAGGTAGTC (10), CAAGTACTC (9), CAGGTGGCC (7), CAGGTATCC (5), CAGGTACCT (4), CAGGTACAA (3), CAAGTGCAA (1), CAAGTTCAA (1), CAGGTACTT (1), CATGTACCC (1), CAGGTAACT (1), CACGTACCC (1), CAGGTATGT (1), CAAGTATGC (1), CAGGTTCCC (1)",1156,5335,47,130,78,268,21.668,28.5546614784346,0.758825315311979,"False","False"
63,"L","-","CCT (122), CCA (17), CTA (4)","--- (2)","ATACCTATA (118), GTACCAATA (10), ATACCAATA (7), ATACTAATA (4), GTACCTATA (2), ATACCTATG (1), ATGCCTATA (1)","--------- (2)",2,5335,2,130,2,268,0.037,0,Inf,"False","True"
63,"L","A","ACC (30), CCC (8), TCC (5), GAA (2), GAC (1), ACT (1), CAC (1)","GCA (93), GCC (93)","GTAACCATA (20), ATAACCATA (10), ATACCCATA (7), GTATCCATA (5), ATAGAAATA (2), ATAGACATA (1), GTAACTATA (1), ATACACATA (1), GTACCCATA (1)","ATAGCAATA (93), ATAGCCATA (58), GTAGCCATA (28), GTGGCCATA (7)",186,5335,9,130,14,268,3.486,6.58144497946315,0.529670917386345,"False","False"
63,"L","C","CCC","TGC (82), TGT (1)","GTACCCATA","GTATGCATA (64), ATATGCATA (17), GTATGCCTA (1), GTATGTATA (1)",83,5335,2,130,4,268,1.556,1.89282228918893,0.822052872521246,"False","False"
63,"L","D","GCC (17), ACC (5)","GAC","ATAGCCATA (16), ATAACCATA (5), GTAGCCATA (1)","ATAGACATA",1,5335,1,130,1,268,0.019,0.206977168166268,0.0917975647668394,"False","False"
63,"L","E","GCA (93)","GAA (12)","ATAGCAATA (93)","ATAGAAGTA (10), ATAGAAATA (2)",12,5335,2,130,3,268,0.225,0.174804551352859,1.2871518404908,"False","False"
63,"L","F","CTC (91), TCC (21), CTT (1)","TTC (2)","ATACTCATA (91), ATATCCATA (21), ATACTTATA (1)","ATATTCATA (2)",2,5335,2,130,2,268,0.037,0.0182311495275987,2.02949352941176,"False","False"
63,"L","H","CCC (118), CTC (33), ACC (20), GCC (6), TCC (1)","CAC (17)","ATACCCTTA (98), ATACTCATA (30), ATAACCATA (20), ATACCCCTA (10), ATACCCATA (9), ATAGCCATA (6), GTACTCATA (3), GTATCCATA (1), GTACCCATA (1)","ATACACATA (17)",17,5335,3,130,6,268,0.319,1.80810106491362,0.176428190984579,"False","False"
63,"L","P","CTC (82), TGC (65), GCC (22), ACC (20), CAC (16), CTT (12), TCC (11), CTA (4), CAA (3), --- (2), TGT (1)","CCC (3240), CCT (410), CCA (99)","GTATGCATA (64), ATACTCATA (36), GTACTCGTA (31), ATAGCCATA (21), ATAACCATA (20), ATACACATA (16), ATACTCGTA (13), ATATCCATA (10), ATACTTATA (9), ATACTAATA (4), GTACAAGTA (3), --------- (2), ATACTTGTA (1), ---CTCGTA (1), GTACTCATA (1), GTACTTGTA (1), ATACTTGTG (1), GTATGCCTA (1), GTATGTATA (1), GTAGCCATA (1), GTATCCATA (1)","ATACCCATA (2269), GTACCCATA (654), ATACCTATA (394), ATACCCTTA (99), ATACCCATG (92), ATACCAATA (89), ATACCCCTA (43), GTGCCCATA (41), GTACCCTTA (21), GTACCAATA (10), ATCCCCATA (10), ATACCTGTA (10), ATACCCGTA (5), GTACCTATA (4), GTACCCCTA (3), ATTCCCATA (2), ATACCTATG (1), ATGCCTATA (1), GTTCCCATA (1)",3749,5335,85,130,185,268,70.272,59.9933509925252,1.17132980301026,"False","False"
63,"L","Q","CCC (7)","CAA (419)","GTACCCATA (7)","ATACAAGTA (201), GTACAAATA (107), GTACAAGTA (86), ATACAAATA (22), GTGCAAGTA (1), GTTCAAATA (1), ATACAAGTR (1)",419,5335,5,130,25,268,7.854,2.16307227042157,3.63094664353,"False","False"
63,"L","S","CCC (178), GCC (13), ACC (4), TTC (1), CCT (1), CAC (1)","TCC (57), AGC (20), TCT (11)","ATACCCATA (177), GTGGCCATA (7), ATAGCCATA (6), ATAACCATA (4), ATATTCATA (1), ATACCTATA (1), ATACACATA (1), GTACCCATA (1)","ATATCCATA (52), ATAAGCATA (20), GTATCTGTA (11), GTATCCATA (5)",88,5335,11,130,13,268,1.649,5.54334187695046,0.297473985296963,"False","False"
63,"L","T","CCC (118), GCC (24), CAC (16), GAC (1), TCC (1)","ACC (77), ACT (1)","ATACCCTTA (98), ATAGCCATA (22), ATACACATA (16), ATACCCCTA (10), ATACCCATA (9), GTAGCCATA (2), ATAGACATA (1), GTATCCATA (1), GTACCCATA (1)","ATAACCATA (57), GTAACCATA (20), GTAACTATA (1)",78,5335,7,130,10,268,1.462,5.34172681158643,0.273694266211604,"False","False"
63,"L","V","","GTC (10)","","GTAGTCATA (10)",10,5335,1,130,1,268,0.187,0.565165635355561,0.330876451612903,"False","False"
64,"I","-","ATA (142), ATG (1)","--- (2)","CCTATAGAA (121), CCAATAGAG (16), CTAATAGAG (4), CCTATGGAA (1), CCAATAGAA (1)","--------- (2)",2,5335,2,130,2,268,0.037,0,Inf,"False","True"
64,"I","L","ATA (291), GTA (1)","TTA (120), CTA (47)","CCCATAGAA (184), TGCATAGAA (64), ACCATAGAA (16), CACATAGAA (15), CCAATAGAA (10), CCTATAGAA (1), CTTGTAGAA (1), TGTATAGAA (1)","CCCTTAGAA (120), CCCCTAGAA (46), TGCCTAGAA (1)",167,5335,8,130,16,268,3.13,3.52256186317322,0.888557851239669,"False","False"
64,"I","M","ATA (121), GTA (32), --- (1)","ATG (93)","CCTATAGAA (121), CTCGTAGAA (32), --------- (1)","CCCATGGAA (92), CCTATGGAA (1)",93,5335,2,130,2,268,1.743,1.13953004782699,1.52957791970803,"False","False"
64,"I","V","ATA (251), ATG (92), CTA (2)","GTA (454), GTG (1), GTR (1)","CCCATAGAA (156), CCCATGGAA (92), CTCATAGAA (84), CTTATAGAA (8), CAAATAGAA (3), CCCCTAGAA (2)","CAAGTAGAA (287), CTCGTAGAA (66), CTTGTAGAA (44), TCTGTAGAA (11), GAAGTAGAA (10), TTAGTAGAA (10), CTTGTAGAC (10), CCTGTAGAG (10), CCCGTAGAA (5), CAAGTAAAA (1), CTTGTGGAA (1), CAAGTRGAA (1)",456,5335,21,130,37,268,8.547,16.2590975254731,0.525674932855864,"False","False"
65,"E","-","GAA (123), GAG (20)","--- (2)","ATAGAAATC (120), ATAGAGATA (19), ATAGAAATA (2), ATGGAAATC (1), ATAGAGA-- (1)","--------- (2)",2,5335,2,130,2,268,0.037,0,Inf,"False","True"
65,"E","D","GAA (44), GAG (35)","GAC (47), GAT (39)","ATAGAAATC (37), ATAGAGATC (35), ATAGAAATT (7)","ATAGATATC (39), ATAGACATC (37), GTAGACATC (10)",86,5335,8,130,8,268,1.612,3.28123895056927,0.491277844827586,"False","False"
65,"E","K","GAA (635)","AAA (5)","ATAGAAATC (549), GTAGAAATC (78), GTAGAAATT (4), ATAGAAATT (3), GTAGAAATA (1)","ATAAAAATC (4), GTAAAAATC (1)",5,5335,5,130,5,268,0.094,0.0929414973683413,1.01138891304348,"False","False"
66,"I","-","ATC (121), ATA (21), A-- (1)","--- (2)","GAAATCTGT (120), GAGATATGT (19), GAAATATGT (2), GAAATCCGT (1), GAGA--TGT (1)","--------- (2)",2,5335,2,130,2,268,0.037,0,Inf,"False","True"
66,"I","V","ATT (27), ATC (19)","GTT (2), GTC (1)","GAAATTTGT (27), GAAATCTGT (19)","GAAGTTTGT (2), GAAGTCTGT (1)",3,5335,3,130,3,268,0.056,0.24225488027985,0.231161493775934,"False","False"
66,"I","X","ATA (20), ATC (9), --- (1)","A--, RTC","GAGATATGT (19), GAAATCTGT (9), GAAATATGT (1), --------- (1)","GAGA--TGT, GAARTCTGT",2,5335,2,130,2,268,0.037,NA,NA,"False",NA
67,"C","-","TGT (142), CGT (1)","--- (2)","ATCTGTGGA (120), ATATGTGGC (20), ATATGTGGA (1), ATCCGTGGA (1), A--TGTGGC (1)","--------- (2)",2,5335,2,130,2,268,0.037,0,Inf,"False","True"
67,"C","G","TGT (227)","GGT","ATCTGTGGG (227)","ATCGGTGGG",1,5335,1,130,1,268,0.019,0.0434571694223228,0.437212093023256,"False","False"
67,"C","R","TGT (213), --- (1)","CGT (2)","ATCTGTGGA (121), ATCTGTGGG (91), --------- (1), ATATGTGGA (1)","ATCCGTGGG, ATCCGTGGA",2,5335,2,130,2,268,0.037,0.00505315923515382,7.322152,"False","True"
67,"C","S","TGT (220)","AGT (2)","ATCTGTGGA (217), ATATGTGGA (2), ATCTGTGGG (1)","ATCAGTGGA (2)",2,5335,2,130,2,268,0.037,1.15009904192101,0.0321711423550088,"False","False"
67,"C","W","TGT (142)","TGG (2)","ATCTGTGGG (140), ATTTGTGGG (2)","ATCTGGGGG (2)",2,5335,1,130,1,268,0.037,0.117233294255569,0.31561,"False","False"
67,"C","Y","TGT (9)","TAT (11)","ATCTGTGGG (9)","ATCTATGGA (10), ATCTATGGG (1)",11,5335,2,130,2,268,0.206,0.672070178275458,0.306515609022556,"False","False"
68,"G","-","GGA (122), GGC (21)","--- (2)","TGTGGACAT (120), TGTGGCCAT (21), TGTGGACGT (1), CGTGGACAT (1)","--------- (2)",2,5335,2,130,2,268,0.037,0,Inf,"False","True"
68,"G","R","GGA (92)","AGA","TGTGGACAT (91), TGTGGACAG (1)","TGTAGACAT",1,5335,1,130,1,268,0.019,0.00401570139244446,4.7314275,"True","True"
69,"H","-","CAT (142), CGT (1)","--- (2)","GGACATAAA (121), GGCCATAAA (20), GGACGTAAA (1), GGCCATAAG (1)","--------- (2)",2,5335,2,130,2,268,0.037,0,Inf,"False","True"
69,"H","K","CAT (24), ATG (1)","AAG (22)","GGACATAAA (24), GGAATGAAA (1)","GGAAAGAAA (21), GGAAAGAGA (1)",22,5335,1,130,3,268,0.412,1.89314561250025,0.217627211176787,"False","False"
69,"H","M","CAT (24), AAG (22)","ATG","GGACATAAA (24), GGAAAGAAA (21), GGAAAGAGA (1)","GGAATGAAA",1,5335,1,130,1,268,0.019,0.0040690932025798,4.669345,"False","True"
69,"H","N","CAT (228)","AAT (117), AAC (1)","GGACATAAA (228)","GGAAATAGA (113), GGGAATAGA (2), GGAAATAAA (1), GGAAATGGA (1), GGAAACAAA (1)",118,5335,3,130,7,268,2.212,0.512705743525055,4.31436555555556,"False","False"
69,"H","Q","CAT (295)","CAG (102), CAA (47)","GGACATAAA (289), GGGCATAAA (4), AGACATAAA (1), GGACATAGA (1)","GGACAGAAA (74), GGGCAAAAA (31), GGACAGAGG (28), GGGCAAAGG (10), GGGCAAAAG (4), GGACAAAAA (2)",149,5335,10,130,10,268,2.793,3.42007283676833,0.816649274241523,"False","False"
69,"H","R","CAT (390), TAT (1), CAC (1), --- (1)","CGT (10), CGC (4)","GGACATAAA (381), GGACATACA (6), GGGCATAAA (3), GGATATAAA (1), GGACACAAA (1), --------- (1)","GGACGTAAA (10), GGACGCAAA (4)",14,5335,4,130,4,268,0.262,0.5137230168257,0.510002455445545,"False","False"
69,"H","Y","CAT (581), CAC (11), CGT (1)","TAT (33), TAC (1)","GGACATAAA (442), GGGCATAAA (139), GGACACAAA (10), GGACGTAAA (1), GGACACAGA (1)","GGGTATAAA (17), GGATATAAA (16), GGATACAAA (1)",34,5335,8,130,11,268,0.637,1.84533376736994,0.345195005512679,"False","False"
70,"K","-","AAA (142), AAG (1)","--- (2)","CATAAAGCT (133), CATAAAACT (7), CATAAAGCG (1), CGTAAAGCT (1), CATAAGACT (1)","--------- (2)",2,5335,2,130,2,268,0.037,0,Inf,"False","True"
70,"K","E","","GAA (10)","","CATGAAGCT (10)",10,5335,1,130,1,268,0.187,0.488264432671171,0.382989190871369,"False","False"
70,"K","G","AGA (115)","GGA","AATAGAGCT (112), AATAGAACT (2), AATAGAGCG (1)","AATGGAGCT",1,5335,1,130,1,268,0.019,0.00101299674828044,18.75623,"False","True"
70,"K","R","AAA (300), GGA (1)","AGA (181), AGG (92)","CATAAAGCT (267), AAGAAAGCT (14), CACAAAGCT (9), AAGAAAACT (7), AATGGAGCT (1), ATGAAAGCT (1), TACAAAGCT (1), CAGAAAGCT (1)","AATAGAGCT (112), CATAGAGCT (63), CATAGGGCT (54), CAGAGGGCT (28), CAAAGGGCT (10), AATAGAACT (2), AATAGAGCG (1), AAGAGAGCT (1), CACAGAGCT (1), CATAGAGCA (1)",273,5335,10,130,15,268,5.117,2.74927317483311,1.86121919307295,"False","False"
70,"K","T","AAA (126)","ACA (6)","CATAAAGCT (124), CGTAAAGCT (1), CATAAAGCA (1)","CATACAGCT (6)",6,5335,1,130,1,268,0.112,1.17406323125703,0.0953952027610009,"False","False"
71,"A","-","GCT (134), ACT (8), GCG (1)","--- (2)","AAAGCTATA (134), AAAACTGTA (6), AAAGCGATA (1), AAAACTATA (1), AAGACTGTA (1)","--------- (2)",2,5335,2,130,2,268,0.037,0,Inf,"False","True"
71,"A","S","ACT (227), GCT (29)","TCT (2)","AAAACTATA (227), AAAGCTATA (28), AAAGCTACA (1)","AAATCTATA (2)",2,5335,2,130,2,268,0.037,0.00310401556146468,11.9200433333333,"False","True"
71,"A","T","GCT (501), GCG (1), --- (1), TCT (1)","ACT (663)","AAAGCTATA (371), AGAGCTATA (113), AAAGCTACA (6), AAAGCTGTA (4), AAAGCTGCA (2), AAGGCTATA (2), AAAGCTATT (1), AAAGCTAAA (1), AGAGCGATA (1), GGAGCTATA (1), --------- (1), AAATCTATA (1)","AAAACTATA (586), AAAACTGTA (32), AAAACTGAA (27), AAGACTATA (10), AAGACTGTA (5), AGAACTATA (2), AAAACTATG (1)",663,5335,19,130,38,268,12.427,8.90542064584217,1.39544222493319,"False","False"
71,"A","V","GCT (81), GCC (1)","GTT (33)","AAAGCTATA (73), AAAGCTGTA (8), AAAGCCATA (1)","AAAGTTATA (23), AAAGTTACA (10)",33,5335,4,130,4,268,0.619,11.9225237715858,0.0519185377071943,"False","False"
72,"I","-","ATA (136), GTA (7)","--- (2)","GCTATAGGT (134), ACTGTAGGT (7), GCGATAGGT (1), ACTATAGGT (1)","--------- (2)",2,5335,2,130,2,268,0.037,0,Inf,"False","True"
72,"I","A","ATA (113), GTA (10), ATT (1), AAA (1), ACA (1)","GCA (3)","GCTATAGGT (111), GCTGTAGGT (10), GCTATAGGA (1), ACTATAGGT (1), GCTATTGGT (1), GCTAAAGGT (1), GCTACAGGT (1)","GCTGCAGGT (3)",3,5335,2,130,2,268,0.056,0.0220903812168644,2.53504,"False","False"
72,"I","E","ATA (24), GTA (9), AAA (1)","GAA (280)","GCTATAGGT (24), ACTGTAGGT (5), GCTGTAGGT (4), GCTAAAGGT (1)","GCTGAAGGT (253), ACTGAAGGT (27)",280,5335,4,130,9,268,5.248,1.59261129344442,3.29521712021136,"False","False"
72,"I","K","GAA (253), ATA (137), GCA (2), ATT (1), ACA (1)","AAA (2)","GCTGAAGGT (253), GCTATAGGT (135), GCTGCAGGT (2), GCTATAGGA (1), ACTATAGGT (1), GCTATTGGT (1), GCTACAGGT (1)","GCTAAAGGT (2)",2,5335,2,130,2,268,0.037,0.19039804763107,0.194329723756906,"False","False"
72,"I","L","ATA (20)","CTA (2)","GCTATAGGT (20)","GCTCTAGGT (2)",2,5335,1,130,1,268,0.037,0.854161407052091,0.0433173399014778,"False","False"
72,"I","M","ATA (377), ACA (1)","ATG (14)","GCTATAGGT (242), ACTATAGGT (133), GCTACAGGT (1), GCTATAAGT (1), GCTATACGT (1)","GCTATGGGT (13), ACTATGGGT (1)",14,5335,5,130,5,268,0.262,1.08453252545653,0.241578739088264,"False","False"
72,"I","T","ATA (486), GCA (2), ATT (1), AAA (1), ATG (1)","ACA (111)","GCTATAGGT (478), GCTATAAGT (2), ACTATAGGT (2), GCTGCAGGT (2), TCTATAGGT (1), GCAATAGGT (1), GCTATAGGA (1), GCTATTGGT (1), GCTAAAGGT (1), GCTATACGT (1), GCTATGGGT (1)","GCTACAGGT (101), GTTACAGGT (10)",111,5335,13,130,14,268,2.081,4.71156273668266,0.44167935699933,"False","False"
72,"I","V","ATA (507), ATT (2), --- (1), GAA (1), GCA (1)","GTA (304), GTG (20)","GCTATAGGT (340), ACTATAGGT (163), GCTATAAGT (2), GCTATTGGT (2), --------- (1), GTTATAGGT (1), GCCATAGGT (1), ACTGAAGGT (1), GCTGCAGGT (1)","GCTGTAGGT (162), GCGGTAGGT (104), ACTGTAGGT (37), GCTGTGGGT (20), GCTGTAGGG (1)",324,5335,25,130,29,268,6.073,9.41786585878987,0.644838235228415,"False","False"
73,"G","-","GGT (189)","--- (3)","ATAGGTACA (158), ATAGGTACG (24), GTAGGTACA (7)","--------- (2), ATA------ (1)",3,5335,3,130,3,268,0.056,0,Inf,"False","True"
73,"G","C","GGT (115)","TGT","ATAGGTACA (115)","ATATGTACA",1,5335,1,130,1,268,0.019,0.278520611534386,0.0682175724637681,"False","False"
73,"G","R","GGT (179), AGT (1)","CGT (2)","ATAGGTACA (177), ACAGGTACA (1), ATAAGTACA (1), ATGGGTACA (1)","ATACGTACA (2)",2,5335,2,130,2,268,0.037,0.00100913265048691,36.66515,"True","True"
73,"G","S","GGT (345), CGT (1)","AGT (4)","ATAGGTACA (329), GTAGGTACA (11), ACAGGTACA (2), ATTGGTACA (2), ATACGTACA (1), ATGGGTACA (1)","ATAAGTACA (4)",4,5335,4,130,4,268,0.075,1.98294565820677,0.0378225190839695,"False","False"
74,"T","-","ACA (366), ACG (24)","--- (5)","GGTACAGTA (246), GGTACAGTG (118), GGTACGGTA (24), GGTACAGGG (1), GGTACAGCG (1)","--------- (3), GGA------ (2)",5,5335,5,130,5,268,0.094,0,Inf,"False","True"
74,"T","A","ACA (346)","GCA (2)","GGTACAGTA (334), GGTACAGTG (12)","GGTGCAGTA (2)",2,5335,2,130,2,268,0.037,0.65079204923822,0.0568537984496124,"False","False"
75,"V","-","GTA (270), GTG (118), GGG (1), GCG (1)","--- (5)","ACAGTATTA (245), ACAGTGTTA (118), ACGGTATTA (24), ACAGGGTTA (1), ACAGCGTTA (1), ACAGTACTA (1)","--------- (5)",5,5335,5,130,5,268,0.094,0.00100562142375881,93.47454,"False","True"
75,"V","A","GTG (115), --- (1), GGG (1)","GCG","ACAGTGTTA (115), --------- (1), ACAGGGTTA (1)","ACAGCGTTA",1,5335,1,130,1,268,0.019,0.00502810711879406,3.778758,"False","True"
75,"V","G","GTG (115), --- (1), GCG (1)","GGG","ACAGTGTTA (115), --------- (1), ACAGCGTTA (1)","ACAGGGTTA",1,5335,1,130,1,268,0.019,0.00402248569503525,4.7234475,"False","True"
75,"V","I","GTA (488), GTG (3), GTC (2)","ATA (62)","ACAGTATTA (478), ACAGTATTG (6), ACAGTGTTA (3), ACAGTACTA (2), ACAGTCTTA (2), ACAGTAGTA (1), ACAGTA--- (1)","ACAATATTA (46), ACAATATTG (16)",62,5335,7,130,9,268,1.162,0.469625204895365,2.47431353319058,"False","False"
76,"L","-","TTA (426), TTG (22), CTA (2)","--- (6)","GTATTAGTA (272), GTGTTAGTA (118), GTATTAATA (31), ATATTGGTA (15), GTATTGGTA (5), ATATTAGTA (3), GTACTAGTA (2), GGGTTAGTA (1), GCGTTAGTA (1), ATATTGATA (1), GTATTGATA (1)","------GTA (3), --------- (2), GTA---GTA (1)",6,5335,6,130,6,268,0.112,0.00100325053172278,111.63712,"False","True"
76,"L","V","TTA (206)","GTA (2)","GTATTAGTA (191), GTATTAATA (14), ATATTAGTA (1)","GTAGTAGTA, GTAGTAATA",2,5335,2,130,2,268,0.037,0.738392391347967,0.0501088586956522,"False","False"
77,"V","-","GTA (199), ATA (2)","--- (2)","TTAGTAGGA (199), TTAATAGGA (2)","--------- (2)",2,5335,2,130,2,268,0.037,0,Inf,"False","True"
77,"V","A","GTA (115)","GCA","TTAGTAGGA (115)","TTAGCAGGA",1,5335,1,130,1,268,0.019,0.00104909777591272,18.1108,"False","True"
77,"V","I","GTA (1262), GTG (1), --- (1), GTT (1), ATG (1)","ATA (1618)","TTAGTAGGA (1191), TTAGTAGGG (32), TTGGTAGGA (21), CTAGTAGGA (14), ---GTAGGA (2), TTAGTAAGA (1), TTAGTGGGA (1), --------- (1), TTAGTTGGA (1), ---GTAGGG (1), TTAATGGGA (1)","TTAATAGGA (1577), TTAATAGGG (30), CTAATAGGG (6), TTGATAGGA (3), GTAATAGGA (1), CTAATAGGA (1)",1618,5335,61,130,112,268,30.328,32.09190096517,0.945035946387708,"False","False"
77,"V","M","ATA (227)","ATG","TTAATAGGA (227)","TTAATGGGA",1,5335,1,130,1,268,0.019,0.0325220310532942,0.58421935483871,"False","False"
78,"G","-","GGA (201)","--- (2)","GTAGGACCT (187), GTAGGACCG (12), ATAGGACCG (2)","------CCT (2)",2,5335,2,130,2,268,0.037,0,Inf,"False","True"
78,"G","R","GGA (276), GGG (1)","AGA","GTAGGACCT (269), ATAGGACCT (7), GTAGGGCCT (1)","GTAAGACCT",1,5335,1,130,1,268,0.019,0.01102867455384,1.72278181818182,"True","False"
79,"P","H","CCT (191), TCT (1)","CAT","GGACCTACA (191), GGATCTACA (1)","GGACATACA",1,5335,1,130,1,268,0.019,0.0351857809232749,0.539990857142857,"False","False"
79,"P","S","CCT (237), CAT (1)","TCT (2)","GGACCTACA (237), GGACATACA (1)","GGATCTACA (2)",2,5335,2,130,2,268,0.037,0.283496863438958,0.130512907801418,"False","False"
80,"T","A","ACA (250)","GCA (3)","CCTACACCT (249), CCTACACCC (1)","CCTGCACCT (3)",3,5334,2,130,3,268,0.056,0.00400990446402614,13.96542,"False","True"
80,"T","I","ACA (143)","ATA","CCTACACCT (140), CCCACACCT (2), CCTACACCC (1)","CCTATACCT",1,5334,1,130,1,268,0.019,0.00801980892805229,2.36913375,"False","True"
81,"P","A","CCT (66)","GCT","ACACCTGTC (66)","ACAGCTGTC",1,5334,1,130,1,268,0.019,0,Inf,"False","True"
81,"P","L","CCT (267)","CTT (3)","ACACCTGTC (264), ACACCTGTA (1), ACGCCTGTC (1), ACACCTGCC (1)","ACACTTGTC (3)",3,5334,3,130,3,268,0.056,0.00200503263190608,27.92972,"False","True"
81,"P","R","CCT (115)","CGG","ACACCTGTC (115)","ACACGGGGC",1,5334,1,130,1,268,0.019,0,Inf,"False","True"
82,"V","A","GTC (103)","GCC (2)","CCTGTCAAC (101), CCTGTCGAC (1), CTTGTCAAC (1)","CCTGCCAAC (2)",2,5334,2,130,2,268,0.037,5.45873936856652,0.00677812174236783,"False","False"
82,"V","G","GTC (115)","GGC","CCTGTCAAC (115)","CGGGGCAGC",1,5334,1,130,1,268,0.019,0.00406458627592444,4.6745225,"False","True"
82,"V","I","GTC (318)","ATC (194), ATT (1), ATA (1)","CCTGTCAAC (315), CCTGTCAGC (1), CCTGTCGAC (1), CCAGTCAAC (1)","CCTATCAAC (194), CCTATTAAC (1), CCTATAAAC (1)",196,5334,8,130,15,268,3.675,1.88495188545996,1.94965188679245,"False","False"
83,"N","D","AAC (150), AGC (1)","GAC (2)","GTCAACATA (148), GCCAACATA (1), GTCAGCATA (1), ATCAACATA (1)","GTCGACATA (2)",2,5333,2,130,2,268,0.038,0.14748374668914,0.257655510204082,"False","False"
83,"N","S","AAC (236), GAC (1)","AGC (2)","GTCAACATA (235), GTCGACATA (1), ATCAACATA (1)","GGCAGCCTA, GTCAGCATA",2,5333,2,130,2,268,0.038,0.0752468095352757,0.5050048,"False","False"
83,"N","X","AAC (9)","RAC","GTCAACATA (9)","GTCRACATA",1,5333,1,130,1,268,0.019,NA,NA,"False",NA
84,"I","L","ATA (115)","CTA","AACATAATT (115)","AGCCTAATT",1,5333,1,130,1,268,0.019,0.00604126181821843,3.14503833333333,"False","True"
84,"I","M","ATA (91), ACA (1)","ATG","AACATAATT (91), AACACAATT (1)","AACATGATT",1,5333,1,130,1,268,0.019,0.00201375393940614,9.435115,"False","True"
84,"I","T","ATA (91), ATG (1)","ACA","AACATAATT (91), AACATGATT (1)","AACACAATT",1,5333,1,130,1,268,0.019,0.00302063090910922,6.29007666666667,"False","True"
84,"I","V","ATA (9)","GTA","AACATAATT (9)","AACGTAATT",1,5333,1,130,1,268,0.019,3.52809690183956,0.00538533961187215,"False","False"
85,"I","L","ATT (162)","CTT","ATAATTGGA (162)","ATACTTGGA",1,5333,1,130,1,268,0.019,0.0150998097423972,1.258294,"False","False"
85,"I","T","ATT (106)","ACT","ATAATTGGA (104), ATAATTGAA (2)","ATAACTGGA",1,5333,1,130,1,268,0.019,0.0100665398282648,1.887441,"False","False"
85,"I","V","ATT (92)","GTT (32)","ATAATTGGA (91), ATAATTGGC (1)","ATAGTTGGA (31), ATAGTTAGA (1)",32,5333,1,130,2,268,0.6,1.07913306958999,0.556001865671642,"False","False"
85,"I","X","ATT (13)","RTT","ATAATTGGA (13)","ATARTTGGA",1,5333,1,130,1,268,0.019,NA,NA,"False",NA
86,"G","E","GGA (551), AGA (1), GGG (1)","GAA (7)","ATTGGAAGA (444), ATTGGAAGG (104), ATTGGAAAA (2), ATTAGAAGA (1), ATTGGGAGA (1), ACTGGAAGG (1)","ATTGAAAGA (5), ATTGAAAGG (2)",7,5333,5,130,6,268,0.131,0.0070195846411488,18.6620728571429,"True","True"
86,"G","R","GGA (521), GAA (2), GGC (1), GGG (1)","AGA (4)","ATTGGAAGA (488), GTTGGAAGA (31), ATTGAAAGA (2), ATTGGAAAA (2), ATTGGCAGA (1), ATTGGGAGA (1)","ATTAGAAGA (3), GTTAGAAGA (1)",4,5333,4,130,4,268,0.075,0.0020055956117568,37.395375,"True","True"
86,"G","X","GGA (21)","GA-","ATTGGAAGA (21)","ATTGA-AGA",1,5333,1,130,1,268,0.019,NA,NA,"False",NA
87,"R","G","AGA (128), AGG (1)","GGA (3)","GGAAGAAAT (127), GGAAGAAAC (1), GGAAGGAAT (1)","GGAGGAAAT (3)",3,5333,3,130,3,268,0.056,0.00703694395576778,7.958,"False","True"
87,"R","K","AGA (940), AGG (2)","AAA (7)","GGAAGAAAT (874), GGAAGAAAC (59), GAAAGAAAT (2), GGGAGAAAT (2), GGTAGAAAT (2), GGAAGGAAT (2), AGAAGAAAT (1)","GGAAAAAAT (6), GGAAAAAAC (1)",7,5333,6,130,7,268,0.131,0.0432269414425735,3.03051744186047,"True","False"
87,"R","X","AGA (171)","ARA, AG-, A--","GGAAGAAAT (160), GGCAGAAAT (5), GGAAGAAAC (5), GGGAGAAAT (1)","GGAARAAAT, GGAAG-AAT, GGAA--AAT",3,5333,3,130,3,268,0.056,NA,NA,"False",NA
88,"N","D","AAT (187), AAC (2)","GAT (24)","AGAAATCTG (111), AGAAATCTA (73), AGAAATTTG (3), AGAAACCTG (1), AGAAACCTA (1)","AGAGATCTG (23), AGAGATCTA (1)",24,5333,3,130,3,268,0.45,1.75763182238668,0.256026315789474,"False","False"
88,"N","S","AAT (68)","AGT (2)","AGAAATCTG (58), AGAAATCTA (10)","AGAAGTCTG, AGAAGTCTA",2,5333,2,130,2,268,0.038,0.315730201504243,0.120355923566879,"False","False"
89,"L","P","CTG (142), CTA (1)","CCG","AATCTGTTG (142), AATCTATTG (1)","AATCCGTTG",1,5333,1,130,1,268,0.019,0.00403689724078074,4.706585,"False","True"
90,"L","M","TTG (92)","ATG (32)","CTGTTGACA (92)","CTGATGACT (32)",32,5333,1,130,2,268,0.6,8.69059185491053,0.069040177011762,"False","False"
90,"L","S","TTG (54), CTG (2), TTA (1)","TCG (2)","CTGTTGACT (54), CTGCTGACT (2), CTGTTAACT (1)","CTGTCGACT (2)",2,5333,1,130,2,268,0.038,0.00910857420451785,4.17189333333333,"False","True"
90,"L","X","TTA (9)","TYA","CTGTTAACT (9)","CTGTYAACT",1,5333,1,130,1,268,0.019,NA,NA,"False",NA
91,"T","A","ACT (28)","GCT","TTGACTCAG (20), TTGACTCAA (8)","TTGGCTCAA",1,5333,1,130,1,268,0.019,0.121696101701734,0.156126611570248,"False","False"
91,"T","I","ACT (67)","ATT (7)","CTGACTCAG (67)","TTGATTCAG (6), CTGATTCAG (1)",7,5333,2,130,2,268,0.131,0.0482761395180432,2.71355583333333,"False","False"
92,"Q","H","CAG (119)","CAC (7)","ACTCAGATT (115), ACCCAGCTT (4)","ACTCACATT (7)",7,5332,2,130,2,268,0.131,0.0776898861893615,1.68619116883117,"False","False"
92,"Q","K","CAG (181), AGA (26), CGG (1)","AAA (59), AAG (21)","ACTCAGATT (137), ACTCAGCTT (43), ACTAGAATT (26), ACTCGGATT (1), ACGCAGCTT (1)","ACTAAAATT (59), ACTAAGATT (21)",80,5332,3,130,7,268,1.5,1.25110985551699,1.19893548387097,"False","False"
92,"Q","R","CAG (181), AAA (59), AAG (11)","AGA (26), CGG (1)","ACTCAGATT (137), ACTAAAATT (59), ACTCAGCTT (43), ACTAAGATT (11), ACGCAGCTT (1)","ACTAGAATT (26), ACTCGGATT (1)",27,5332,2,130,5,268,0.506,0.275445960125918,1.83702095238095,"False","False"
92,"Q","X","CAG (18)","CRG, G--","ACTCAGCTA (9), ACACAGATT (7), ACTCAGATT (2)","ACTCRGCTA, ACAG--ATT",2,5332,2,130,2,268,0.038,NA,NA,"False",NA
93,"I","F","CTT (9)","TTT","CAGCTTGGT (9)","CAGTTTGGT",1,5332,1,130,1,268,0.019,0.0194731987291176,0.9757,"False","False"
93,"I","L","ATT (547), CCT (2), TTT (1)","CTT (1594), TTG (47), CTG (25), CTC (13), CTA (11)","CAGATTGGT (528), AAGATTGGT (11), CACATTGGT (6), CAGCCTGGT (2), CGGATTGGT (1), CAGATTGGC (1), CAGTTTGGT (1)","CAGCTTGGT (1376), CAGCTTGGC (94), CAACTTGGT (67), CAGTTGGGC (47), CAGCTTGGG (27), CAGCTGGGC (18), CAACTTGGG (14), CAGCTTGGA (13), CAGCTCGGT (13), CAGCTAGGT (10), CAGCTGGGT (5), CAACTTGGC (2), CAACTGGGC (2), CAGCTTAGT (1), CRGCTAGGT (1)",1690,5332,51,130,99,268,31.695,42.0692835912678,0.753400041415938,"False","False"
93,"I","P","CTT (84)","CCT (2)","CAGCTTGGT (84)","CAGCCTGGT (2)",2,5332,2,130,2,268,0.038,0.00717433637388542,5.29665714285714,"False","True"
94,"G","S","GGT (123)","AGT","ATTGGTTGT (92), CTTGGTTGC (31)","CTTAGTTGC",1,5332,1,130,1,268,0.019,0.00502149198569879,3.783736,"True","True"
95,"C","G","TGT (153), CGT (1)","GGT (2)","GGTTGTACT (118), GGCTGTACT (32), GGTTGTATT (2), GGTCGTACT (1), GGATGTACT (1)","GGCGGTACT, GGTGGTACT",2,5332,2,130,2,268,0.038,0.00301892868284142,12.5872466666667,"False","True"
95,"C","R","TGT (121), GGT (1)","CGT","GGTTGTACT (118), GGTTGTATT (2), GGATGTACT (1), GGTGGTACT (1)","GGTCGTACT",1,5332,1,130,1,268,0.019,0.00603785736568283,3.14681166666667,"False","True"
96,"T","A","ACC (162), ACT (144)","GCC, GCG, GCT","TGCACCTTA (162), TGCACTTTA (115), TGCACTCTA (29)","TGCGCCTTA, TGCGCGTTA, TGCGCTCTA",3,5332,3,130,3,268,0.056,0.00704317466066991,7.95096,"False","True"
96,"T","I","ACT (245)","ATT (4)","TGCACTTTA (123), TGTACTTTA (119), CGTACTTTA (1), GGTACTTTA (1), TGCACTCTA (1)","TGTATTTTA (2), TGCATTTTA (2)",4,5332,3,130,4,268,0.075,0.00402467123466852,18.6350625,"False","True"
96,"T","X","ACT (9)","RCT","TGCACTTTA (9)","TGCRCTTTA",1,5332,1,130,1,268,0.019,NA,NA,"False",NA
98,"N","H","AAT (162)","CAT","TTAAATTTT (162)","TTACATTTT",1,5332,1,130,1,268,0.019,0.0122071554276065,1.55646416666667,"False","False"
99,"F","L","TTT (255), TCT (1)","CTT (10), TTA (2)","AATTTT (254), AATTCT (1), AACTTT (1)","AATCTT (10), AATTTA (2)",12,5331,2,130,3,268,0.225,0.143108649322036,1.57223201438849,"False","False"
99,"F","S","TTT (181), CTT (9), TTA (2)","TCT","AATTTT (180), AATCTT (9), AATTTA (2), AACTTT (1)","AATTCT",1,5331,1,130,1,268,0.019,0.00102955862821608,18.45451,"False","True"
