"Gene","MutText","Pos","ConsAA","ConsNA","Total","TargetCodonPos","APOBECType","HM","NPasma","PercWithStopsPlasma","PercWithStopsPBMC","PercWithStopsAll","DRM","APOBEC"
"PR","W6*","6","W","TGG","103746","2","3G","*","5","100.0","100.0","100.0",,"Y"
"PR","R8Q","8","R","CGA","104272","2","3F","Q","52","11.5","0.0","10.7",,
"PR","G17E","17","G","GG-","106164","1","3F, 3G","E","1495","0.4","1.0","0.4",,
"PR","G17K","17","G","GG-","106164","1","3F, 3G","K","0",NULL,NULL,NULL,,"Y"
"PR","G17R","17","G","GG-","106164","1","3G","R","33","12.1","100.0","17.1",,
"PR","G17S","17","G","GG-","106164","1","3G","S","7","0.0",NULL,"0.0",,
"PR","E21K","21","E","GA-","106193","1","3F","K","103","8.7","30.8","11.1",,
"PR","E21N","21","E","GA-","106193","1","3F","N","6","66.7","100.0","71.4",,"Y"
"PR","D25K","25","D","GA-","106704","1","3F","K","4","100.0",NULL,"100.0",,"Y"
"PR","D25N","25","D","GA-","106704","1","3F","N","29","100.0","100.0","100.0",,"Y"
"PR","G27E","27","G","GG-","106840","1","3F, 3G","E","8","100.0","100.0","100.0",,"Y"
"PR","G27K","27","G","GG-","106840","1","3F, 3G","K","0",NULL,"100.0","100.0",,"Y"
"PR","G27R","27","G","GG-","106840","1","3G","R","7","100.0","100.0","100.0",,"Y"
"PR","G27S","27","G","GG-","106840","1","3G","S","1","100.0",NULL,"100.0",,"Y"
"PR","D29K","29","D","GAT","106841","1","3F","K","0",NULL,NULL,NULL,,"Y"
"PR","D29N","29","D","GAT","106841","1","3F","N","22","54.5","50.0","53.6",,"Y"
"PR","D30K","30","D","GA-","106615","1","3F","K","0",NULL,NULL,NULL,,"Y"
"PR","D30N","30","D","GA-","106615","1","3F","N","1868","0.7","27.7","1.4","Y",
"PR","E34K","34","E","GAA","106585","1","3F","K","163","8.0","25.0","10.0",,
"PR","E35K","35","E","GA-","106556","1","3F","K","125","4.0","12.5","5.3",,
"PR","E35N","35","E","GA-","106556","1","3F","N","641","1.6","4.5","1.7",,
"PR","G40E","40","G","GG-","107238","1","3F, 3G","E","22","27.3","100.0","40.7",,"Y"
"PR","G40K","40","G","GG-","107238","1","3F, 3G","K","1","0.0",NULL,"0.0",,
"PR","G40R","40","G","GG-","107238","1","3G","R","17","11.8","69.2","35.5",,"Y"
"PR","G40S","40","G","GG-","107238","1","3G","S","0",NULL,NULL,NULL,,"Y"
"PR","W42*","42","W","TGG","107229","2, 3","3F, 3G","*","13","100.0","100.0","100.0",,"Y"
"PR","G48E","48","G","GG-","107217","1","3F, 3G","E","29","13.8","83.3","25.7",,"Y"
"PR","G48K","48","G","GG-","107217","1","3F, 3G","K","2","100.0","66.7","80.0",,"Y"
"PR","G48R","48","G","GG-","107217","1","3G","R","19","31.6","84.6","62.2",,"Y"
"PR","G48S","48","G","GG-","107217","1","3G","S","11","0.0",NULL,"0.0","Y",
"PR","G49E","49","G","GGA","107230","1, 2","3F","E","27","100.0","100.0","100.0",,"Y"
"PR","G49K","49","G","GGA","107230","1, 2","3F","K","2","100.0","100.0","100.0",,"Y"
"PR","G49R","49","G","GGA","107270","1","3G","R","11","100.0","100.0","100.0",,"Y"
"PR","G51E","51","G","GG-","107248","1","3F, 3G","E","16","100.0","100.0","100.0",,"Y"
"PR","G51K","51","G","GG-","107248","1","3F, 3G","K","8","100.0","100.0","100.0",,"Y"
"PR","G51R","51","G","GG-","107248","1","3G","R","14","100.0","100.0","100.0",,"Y"
"PR","G51S","51","G","GG-","107248","1","3G","S","0",NULL,NULL,NULL,,"Y"
"PR","G52E","52","G","GG-","107250","1","3F, 3G","E","4","100.0",NULL,"100.0",,"Y"
"PR","G52K","52","G","GG-","107250","1","3F, 3G","K","1","100.0","100.0","100.0",,"Y"
"PR","G52R","52","G","GG-","107250","1","3G","R","6","100.0",NULL,"100.0",,"Y"
"PR","G52S","52","G","GG-","107250","1","3G","S","8","100.0","100.0","100.0",,"Y"
"PR","D60K","60","D","GA-","107222","1","3F","K","21","4.8","66.7","11.1",,
"PR","D60N","60","D","GA-","107222","1","3F","N","121","5.8","31.8","9.4",,
"PR","E65K","65","E","GA-","107181","1","3F","K","113","7.1","50.0","13.8",,
"PR","E65N","65","E","GA-","107181","1","3F","N","20","0.0",NULL,"0.0",,
"PR","G68E","68","G","GG-","107252","1","3F, 3G","E","502","1.2","13.6","1.7",,
"PR","G68K","68","G","GG-","107252","1","3F, 3G","K","2","0.0","100.0","60.0",,"Y"
"PR","G68R","68","G","GG-","107252","1","3G","R","13","84.6","96.4","92.7",,"Y"
"PR","G68S","68","G","GG-","107252","1","3G","S","0",NULL,NULL,NULL,,"Y"
"PR","G78E","78","G","GG-","107254","1","3F, 3G","E","8","12.5","100.0","30.0",,"Y"
"PR","G78K","78","G","GG-","107254","1","3F, 3G","K","1","100.0",NULL,"100.0",,"Y"
"PR","G78R","78","G","GG-","107254","1","3G","R","24","33.3","65.0","46.7",,"Y"
"PR","G78S","78","G","GG-","107254","1","3G","S","1","0.0",NULL,"0.0",,
"PR","G86E","86","G","GG-","107193","1","3F, 3G","E","17","17.6","60.0","32.1",,"Y"
"PR","G86K","86","G","GG-","107193","1","3F, 3G","K","4","50.0","100.0","75.0",,"Y"
"PR","G86R","86","G","GG-","107193","1","3G","R","26","61.5","85.7","76.5",,"Y"
"PR","G86S","86","G","GG-","107193","1","3G","S","0",NULL,NULL,NULL,,"Y"
"PR","G94E","94","G","GG-","106741","1","3F, 3G","E","2","0.0","0.0","0.0",,
"PR","G94K","94","G","GG-","106741","1","3F, 3G","K","0",NULL,NULL,NULL,,"Y"
"PR","G94R","94","G","GG-","106741","1","3G","R","6","50.0","77.8","62.5",,"Y"
"PR","G94S","94","G","GG-","106741","1","3G","S","13","61.5","95.0","81.8",,"Y"
"RT","E6K","6","E","GA-","90797","1","3F","K","1035","0.6","3.7","0.8",,
"RT","E6N","6","E","GA-","90797","1","3F","N","215","0.0","6.2","0.4",,
"RT","G15E","15","G","GG-","92850","1","3F, 3G","E","21","9.5","33.3","12.5",,
"RT","G15K","15","G","GG-","92850","1","3F, 3G","K","7","0.0","100.0","22.2",,"Y"
"RT","G15R","15","G","GG-","92850","1","3G","R","30","3.3","100.0","34.1",,"Y"
"RT","G15S","15","G","GG-","92850","1","3G","S","0",NULL,NULL,NULL,,"Y"
"RT","M16I","16","M","ATG","93335","3","3G","I","25","24.0","90.3","70.5",,"Y"
"RT","D17K","17","D","GAT","93661","1","3F","K","1","0.0",NULL,"0.0",,
"RT","D17N","17","D","GAT","93661","1","3F","N","24","8.3","66.7","24.2",,"Y"
"RT","G18E","18","G","GG-","94017","1","3F, 3G","E","2","0.0",NULL,"0.0",,
"RT","G18K","18","G","GG-","94017","1","3F, 3G","K","0",NULL,NULL,NULL,,"Y"
"RT","G18R","18","G","GG-","94017","1","3G","R","8","25.0","100.0","75.0",,"Y"
"RT","G18S","18","G","GG-","94017","1","3G","S","2","0.0","78.6","68.8",,"Y"
"RT","W24*","24","W","TGG","96277","2","3G","*","9","100.0","100.0","100.0",,"Y"
"RT","E28K","28","E","GA-","96538","1","3F","K","1112","0.0","0.0","0.0",,
"RT","E28N","28","E","GA-","96538","1","3F","N","1","0.0","0.0","0.0",,
"RT","E29K","29","E","GA-","97130","1","3F","K","51","9.8","33.3","15.2",,
"RT","E29N","29","E","GA-","97130","1","3F","N","3","0.0",NULL,"0.0",,
"RT","E40K","40","E","GA-","113732","1","3F","K","78","1.3","66.7","9.9",,
"RT","E40N","40","E","GA-","113732","1","3F","N","9","0.0","0.0","0.0",,
"RT","M41I","41","M","-TG","113920","3","3G","I","34","11.8","90.0","61.7",,"Y"
"RT","E42K","42","E","GA-","115317","1","3F","K","67","10.4","76.0","28.3",,"Y"
"RT","E42N","42","E","GA-","115317","1","3F","N","0",NULL,NULL,NULL,,"Y"
"RT","E44K","44","E","GA-","115408","1","3F","K","54","3.7","63.6","13.6",,
"RT","E44N","44","E","GA-","115408","1","3F","N","3","0.0",NULL,"0.0",,
"RT","G45E","45","G","GG-","115443","1","3F, 3G","E","71","2.8","37.9","12.7",,
"RT","G45K","45","G","GG-","115443","1","3F, 3G","K","5","20.0","100.0","66.7",,"Y"
"RT","G45R","45","G","GG-","115443","1","3G","R","95","9.5","84.0","35.2",,"Y"
"RT","G45S","45","G","GG-","115443","1","3G","S","2","0.0",NULL,"0.0",,
"RT","G51E","51","G","GG-","115551","1","3F, 3G","E","6","0.0",NULL,"0.0",,
"RT","G51K","51","G","GG-","115551","1","3F, 3G","K","2","50.0","87.5","80.0",,"Y"
"RT","G51R","51","G","GG-","115551","1","3G","R","27","37.0","87.1","75.0",,"Y"
"RT","G51S","51","G","GG-","115551","1","3G","S","2","0.0",NULL,"0.0",,
"RT","E53K","53","E","GA-","115478","1","3F","K","41","19.5","60.0","32.8",,"Y"
"RT","E53N","53","E","GA-","115478","1","3F","N","4","0.0",NULL,"0.0",,
"RT","W71*","71","W","TGG","115619","2, 3","3F, 3G","*","11","100.0","100.0","100.0",,"Y"
"RT","D76K","76","D","GA-","115586","1","3F","K","0",NULL,NULL,NULL,,"Y"
"RT","D76N","76","D","GA-","115586","1","3F","N","64","12.5","28.6","16.5",,
"RT","E79K","79","E","GA-","115609","1","3F","K","20","20.0","47.6","33.3",,"Y"
"RT","E79N","79","E","GA-","115609","1","3F","N","1","0.0",NULL,"0.0",,
"RT","D86K","86","D","GA-","115610","1","3F","K","0",NULL,NULL,NULL,,"Y"
"RT","D86N","86","D","GA-","115610","1","3F","N","67","7.5","33.3","8.1",,
"RT","W88*","88","W","TGG","115477","2, 3","3F, 3G","*","17","100.0","100.0","100.0",,"Y"
"RT","E89K","89","E","GA-","115646","1","3F","K","17","5.9","66.7","26.9",,"Y"
"RT","E89N","89","E","GA-","115646","1","3F","N","0",NULL,NULL,NULL,,"Y"
"RT","G93E","93","G","GG-","115675","1","3F, 3G","E","10","20.0","100.0","52.9",,"Y"
"RT","G93K","93","G","GG-","115675","1","3F, 3G","K","4","75.0","50.0","66.7",,"Y"
"RT","G93R","93","G","GG-","115675","1","3G","R","23","30.4","82.8","67.9",,"Y"
"RT","G93S","93","G","GG-","115675","1","3G","S","1","0.0",NULL,"0.0",,
"RT","G99E","99","G","GG-","115667","1","3F, 3G","E","6","16.7","83.3","50.0",,"Y"
"RT","G99K","99","G","GG-","115667","1","3F, 3G","K","0",NULL,"87.5","87.5",,"Y"
"RT","G99R","99","G","GG-","115667","1","3G","R","29","20.7","82.6","48.1",,"Y"
"RT","G99S","99","G","GG-","115667","1","3G","S","2","100.0","100.0","100.0",,"Y"
"RT","D110K","110","D","GAT","115631","1","3F","K","0",NULL,NULL,NULL,,"Y"
"RT","D110N","110","D","GAT","115631","1","3F","N","16","100.0","100.0","100.0",,"Y"
"RT","G112E","112","G","GG-","115682","1","3F, 3G","E","13","15.4","92.9","68.3",,"Y"
"RT","G112K","112","G","GG-","115682","1","3F, 3G","K","3","66.7","100.0","93.3",,"Y"
"RT","G112R","112","G","GG-","115682","1","3G","R","0",NULL,"85.7","85.7",,"Y"
"RT","G112S","112","G","GG-","115682","1","3G","S","13","38.5","91.7","64.0",,"Y"
"RT","D113K","113","D","GA-","115538","1","3F","K","2","50.0",NULL,"50.0",,"Y"
"RT","D113N","113","D","GA-","115538","1","3F","N","77","9.1","57.1","13.1",,
"RT","G141E","141","G","GG-","115590","1","3F, 3G","E","20","20.0","84.0","55.6",,"Y"
"RT","G141K","141","G","GG-","115590","1","3F, 3G","K","4","50.0","90.9","80.0",,"Y"
"RT","G141R","141","G","GG-","115590","1","3G","R","32","9.4","88.2","36.0",,"Y"
"RT","G141S","141","G","GG-","115590","1","3G","S","0",NULL,NULL,NULL,,"Y"
"RT","G152E","152","G","GG-","115655","1","3F, 3G","E","18","11.1","60.0","21.7",,"Y"
"RT","G152K","152","G","GG-","115655","1","3F, 3G","K","0",NULL,"100.0","100.0",,"Y"
"RT","G152R","152","G","GG-","115655","1","3G","R","12","16.7","94.1","73.9",,"Y"
"RT","G152S","152","G","GG-","115655","1","3G","S","0",NULL,NULL,NULL,,"Y"
"RT","W153*","153","W","TGG","115612","2, 3","3F, 3G","*","19","100.0","100.0","100.0",,"Y"
"RT","G155E","155","G","GG-","115628","1","3F, 3G","E","10","30.0","16.7","25.0",,"Y"
"RT","G155K","155","G","GG-","115628","1","3F, 3G","K","1","100.0",NULL,"100.0",,"Y"
"RT","G155R","155","G","GG-","115628","1","3G","R","20","20.0","85.1","64.7",,"Y"
"RT","G155S","155","G","GG-","115628","1","3G","S","0",NULL,NULL,NULL,,"Y"
"RT","M164I","164","M","ATG","115619","3","3F","I","16","6.2","0.0","4.8",,
"RT","E169K","169","E","GA-","115415","1","3F","K","285","2.1","24.3","4.5",,
"RT","E169N","169","E","GA-","115415","1","3F","N","24","0.0","0.0","0.0",,
"RT","D177K","177","D","GA-","115012","1","3F","K","83","0.0","0.0","0.0",,
"RT","D177N","177","D","GA-","115012","1","3F","N","874","0.7","1.7","0.7",,
"RT","M184I","184","M","-TG","114653","3","3G","I","639","2.0","82.9","10.4","Y",
"RT","D185K","185","D","GAT","115594","1","3F","K","0",NULL,NULL,NULL,,"Y"
"RT","D185N","185","D","GAT","115594","1","3F","N","11","100.0","100.0","100.0",,"Y"
"RT","D186K","186","D","GA-","115561","1","3F","K","0",NULL,NULL,NULL,,"Y"
"RT","D186N","186","D","GA-","115561","1","3F","N","22","100.0","100.0","100.0",,"Y"
"RT","D192K","192","D","GA-","115341","1","3F","K","0",NULL,NULL,NULL,,"Y"
"RT","D192N","192","D","GA-","115341","1","3F","N","212","5.2","24.0","7.1",,
"RT","E194K","194","E","GA-","115331","1","3F","K","235","3.8","26.1","7.4",,
"RT","E194N","194","E","GA-","115331","1","3F","N","24","0.0","0.0","0.0",,
"RT","E203K","203","E","GA-","114585","1","3F","K","1956","0.2","15.5","0.6",,
"RT","E203N","203","E","GA-","114585","1","3F","N","9","0.0",NULL,"0.0",,
"RT","W212*","212","W","TGG","114889","2, 3","3F, 3G","*","16","100.0","100.0","100.0",,"Y"
"RT","G213E","213","G","GG-","114830","1","3F, 3G","E","12","8.3","33.3","13.3",,
"RT","G213K","213","G","GG-","114830","1","3F, 3G","K","3","0.0","100.0","40.0",,"Y"
"RT","G213R","213","G","GG-","114830","1","3G","R","15","46.7","87.2","75.9",,"Y"
"RT","G213S","213","G","GG-","114830","1","3G","S","1","0.0",NULL,"0.0",,
"RT","D218K","218","D","GA-","114288","1","3F","K","2","0.0",NULL,"0.0",,
"RT","D218N","218","D","GA-","114288","1","3F","N","17","0.0","33.3","5.0",,
"RT","E224K","224","E","GA-","112860","1","3F","K","89","0.0","45.5","4.8",,
"RT","E224N","224","E","GA-","112860","1","3F","N","13","0.0","0.0","0.0",,
"RT","W229*","229","W","TGG","111484","2, 3","3F, 3G","*","15","100.0","100.0","100.0",,"Y"
"RT","M230I","230","M","ATG","110941","3","3G","I","38","39.5","86.3","72.4","Y",
"RT","G231E","231","G","GG-","110814","1","3F, 3G","E","7","0.0","0.0","0.0",,
"RT","G231K","231","G","GG-","110814","1","3F, 3G","K","2","50.0","100.0","88.9",,"Y"
"RT","G231R","231","G","GG-","110814","1","3G","R","8","37.5","80.0","72.1",,"Y"
"RT","G231S","231","G","GG-","110814","1","3G","S","5","20.0","84.6","66.7",,"Y"
"RT","E233K","233","E","GA-","110357","1","3F","K","21","23.8","60.0","38.9",,"Y"
"RT","E233N","233","E","GA-","110357","1","3F","N","6","0.0",NULL,"0.0",,
"RT","D237K","237","D","GA-","107304","1","3F","K","2","0.0","0.0","0.0",,
"RT","D237N","237","D","GA-","107304","1","3F","N","260","1.2","10.5","1.8",,
"RT","W239*","239","W","TGG","102480","2, 3","3F, 3G","*","3","100.0","100.0","100.0",,"Y"
"RT","D250K","250","D","GA-","79483","1","3F","K","20","5.0","0.0","4.8",,
"RT","D250N","250","D","GA-","79483","1","3F","N","153","1.3","7.1","1.8",,
"RT","W252*","252","W","TGG","78530","2, 3","3F, 3G","*","9","100.0","100.0","100.0",,"Y"
"RT","D256K","256","D","GA-","74767","1","3F","K","0",NULL,NULL,NULL,,"Y"
"RT","D256N","256","D","GA-","74767","1","3F","N","5","20.0","66.7","37.5",,"Y"
"RT","G262E","262","G","GG-","70951","1","3F, 3G","E","27","11.1","20.0","12.5",,
"RT","G262K","262","G","GG-","70951","1","3F, 3G","K","2","50.0","100.0","75.0",,"Y"
"RT","G262R","262","G","GG-","70951","1","3G","R","12","33.3","73.9","56.8",,"Y"
"RT","G262S","262","G","GG-","70951","1","3G","S","0",NULL,NULL,NULL,,"Y"
"RT","W266*","266","W","TGG","69737","2, 3","3F, 3G","*","9","100.0","100.0","100.0",,"Y"
"RT","G273E","273","G","GG-","68824","1","3F, 3G","E","7","28.6","92.9","71.4",,"Y"
"RT","G273K","273","G","GG-","68824","1","3F, 3G","K","7","0.0","100.0","42.9",,"Y"
"RT","G273R","273","G","GG-","68824","1","3G","R","48","2.1","66.7","11.9",,
"RT","G273S","273","G","GG-","68824","1","3G","S","0",NULL,NULL,NULL,,"Y"
"RT","G285E","285","G","GG-","67328","1","3F, 3G","E","9","33.3",NULL,"33.3",,"Y"
"RT","G285K","285","G","GG-","67328","1","3F, 3G","K","1","0.0","100.0","50.0",,"Y"
"RT","G285R","285","G","GG-","67328","1","3G","R","8","12.5","84.6","57.1",,"Y"
"RT","G285S","285","G","GG-","67328","1","3G","S","1","0.0",NULL,"0.0",,
"RT","E291K","291","E","GA-","64768","1","3F","K","10","0.0","100.0","9.1",,
"RT","E291N","291","E","GA-","64768","1","3F","N","6","0.0","50.0","12.5",,
"RT","E298K","298","E","GA-","62729","1","3F","K","34","2.9","0.0","2.8",,
"RT","E298N","298","E","GA-","62729","1","3F","N","0",NULL,NULL,NULL,,"Y"
"RT","E300K","300","E","GA-","56512","1","3F","K","47","0.0","0.0","0.0",,
"RT","E300N","300","E","GA-","56512","1","3F","N","4","0.0",NULL,"0.0",,
"RT","E302K","302","E","GA-","50212","1","3F","K","9","33.3","75.0","52.9",,"Y"
"RT","E302N","302","E","GA-","50212","1","3F","N","0",NULL,NULL,NULL,,"Y"
"RT","E305K","305","E","GA-","37188","1","3F","K","12","16.7","60.0","29.4",,"Y"
"RT","E305N","305","E","GA-","37188","1","3F","N","0",NULL,NULL,NULL,,"Y"
"RT","E308K","308","E","GA-","36344","1","3F","K","89","0.0","50.0","4.1",,
"RT","E308N","308","E","GA-","36344","1","3F","N","3","0.0",NULL,"0.0",,
"RT","G316E","316","G","GG-","33402","1","3F, 3G","E","10","20.0","83.3","43.8",,"Y"
"RT","G316K","316","G","GG-","33402","1","3F, 3G","K","3","0.0","83.3","55.6",,"Y"
"RT","G316R","316","G","GG-","33402","1","3G","R","23","13.0","100.0","48.8",,"Y"
"RT","G316S","316","G","GG-","33402","1","3G","S","1","0.0",NULL,"0.0",,
"RT","D320K","320","D","GA-","31975","1","3F","K","1","0.0",NULL,"0.0",,
"RT","D320N","320","D","GA-","31975","1","3F","N","39","2.6","40.0","6.5",,
"RT","D324K","324","D","GA-","29586","1","3F","K","1","0.0","100.0","66.7",,"Y"
"RT","D324N","324","D","GA-","29586","1","3F","N","20","10.0","20.0","12.5",,
"RT","E328K","328","E","GA-","28503","1","3F","K","115","0.0","50.0","1.7",,
"RT","E328N","328","E","GA-","28503","1","3F","N","3","0.0",NULL,"0.0",,
"RT","W337*","337","W","TGG","15999","2","3G","*","3","100.0","100.0","100.0",,"Y"
"RT","E344K","344","E","GA-","15047","1","3F","K","14","7.1","100.0","27.8",,"Y"
"RT","E344N","344","E","GA-","15047","1","3F","N","0",NULL,NULL,NULL,,"Y"
"RT","G352E","352","G","GG-","14696","1","3F, 3G","E","3","33.3","66.7","50.0",,"Y"
"RT","G352K","352","G","GG-","14696","1","3F, 3G","K","0",NULL,"100.0","100.0",,"Y"
"RT","G352R","352","G","GG-","14696","1","3G","R","13","7.7","100.0","47.8",,"Y"
"RT","G352S","352","G","GG-","14696","1","3G","S","0",NULL,NULL,NULL,,"Y"
"RT","D364K","364","D","GAT","14547","1","3F","K","0",NULL,NULL,NULL,,"Y"
"RT","D364N","364","D","GAT","14547","1","3F","N","3","0.0",NULL,"0.0",,
"RT","E370K","370","E","GA-","14281","1","3F","K","7","0.0","100.0","12.5",,
"RT","E370N","370","E","GA-","14281","1","3F","N","12","0.0","0.0","0.0",,
"RT","E378K","378","E","GA-","14212","1","3F","K","4","25.0","0.0","20.0",,
"RT","E378N","378","E","GA-","14212","1","3F","N","0",NULL,NULL,NULL,,"Y"
"RT","W383*","383","W","TGG","14138","2, 3","3F, 3G","*","3","100.0","100.0","100.0",,"Y"
"RT","G384E","384","G","GG-","14133","1","3F, 3G","E","2","0.0","50.0","33.3",,"Y"
"RT","G384K","384","G","GG-","14133","1","3F, 3G","K","0",NULL,NULL,NULL,,"Y"
"RT","G384R","384","G","GG-","14133","1","3G","R","2","50.0","100.0","92.9",,"Y"
"RT","G384S","384","G","GG-","14133","1","3G","S","0",NULL,NULL,NULL,,"Y"
"RT","E396K","396","E","GA-","13734","1","3F","K","8","37.5","100.0","50.0",,"Y"
"RT","E396N","396","E","GA-","13734","1","3F","N","1","0.0","0.0","0.0",,
"RT","W398*","398","W","TGG","13475","2, 3","3F, 3G","*","2","100.0","100.0","100.0",,"Y"
"RT","E399K","399","E","GA-","8066","1","3F","K","13","0.0","0.0","0.0",,
"RT","E399N","399","E","GA-","8066","1","3F","N","8","0.0","33.3","9.1",,
"RT","W401*","401","W","TGG","6369","2","3G","*","2","100.0","100.0","100.0",,"Y"
"RT","W402*","402","W","TGG","6358","2","3G","*","4","100.0","100.0","100.0",,"Y"
"RT","E404K","404","E","GA-","6338","1","3F","K","3","0.0","100.0","40.0",,"Y"
"RT","E404N","404","E","GA-","6338","1","3F","N","21","0.0","33.3","7.4",,
"RT","W406*","406","W","TGG","6332","2","3G","*","0",NULL,"100.0","100.0",,"Y"
"RT","W410*","410","W","TGG","6283","2, 3","3F, 3G","*","3","100.0","100.0","100.0",,"Y"
"RT","E413K","413","E","GA-","6220","1","3F","K","3","0.0","76.9","62.5",,"Y"
"RT","E413N","413","E","GA-","6220","1","3F","N","0",NULL,NULL,NULL,,"Y"
"RT","W414*","414","W","TGG","6207","2, 3","3F, 3G","*","6","100.0","100.0","100.0",,"Y"
"RT","E415K","415","E","GA-","6186","1","3F","K","2","0.0","33.3","20.0",,
"RT","E415N","415","E","GA-","6186","1","3F","N","0",NULL,NULL,NULL,,"Y"
"RT","W426*","426","W","TGG","5678","2","3G","*","2","100.0","100.0","100.0",,"Y"
"RT","E430K","430","E","GA-","5493","1","3F","K","9","11.1","33.3","20.0",,
"RT","E430N","430","E","GA-","5493","1","3F","N","0",NULL,NULL,NULL,,"Y"
"RT","E432K","432","E","GA-","5449","1","3F","K","2","0.0",NULL,"0.0",,
"RT","E432N","432","E","GA-","5449","1","3F","N","7","0.0","50.0","11.1",,
"RT","G436E","436","G","GG-","5145","1","3F, 3G","E","60","0.0","5.4","3.0",,
"RT","G436K","436","G","GG-","5145","1","3F, 3G","K","4","0.0","0.0","0.0",,
"RT","G436R","436","G","GG-","5145","1","3G","R","15","6.7","78.9","47.1",,"Y"
"RT","G436S","436","G","GG-","5145","1","3G","S","0",NULL,"0.0","0.0",,"Y"
"RT","E438K","438","E","GA-","5018","1","3F","K","5","0.0","100.0","44.4",,"Y"
"RT","E438N","438","E","GA-","5018","1","3F","N","1","0.0",NULL,"0.0",,
"RT","D443K","443","D","GAT","4774","1","3F","K","0",NULL,NULL,NULL,,"Y"
"RT","D443N","443","D","GAT","4774","1","3F","N","4","25.0","100.0","57.1",,"Y"
"RT","G444E","444","G","GG-","4755","1","3F, 3G","E","0",NULL,"66.7","66.7",,"Y"
"RT","G444K","444","G","GG-","4755","1","3F, 3G","K","0",NULL,"92.3","92.3",,"Y"
"RT","G444R","444","G","GG-","4755","1","3G","R","2","100.0","100.0","100.0",,"Y"
"RT","G444S","444","G","GG-","4755","1","3G","S","0",NULL,NULL,NULL,,"Y"
"RT","E449K","449","E","GA-","4726","1","3F","K","7","0.0","41.7","26.3",,"Y"
"RT","E449N","449","E","GA-","4726","1","3F","N","3","0.0","0.0","0.0",,
"RT","G453E","453","G","GG-","4730","1","3F, 3G","E","3","0.0","20.0","12.5",,
"RT","G453K","453","G","GG-","4730","1","3F, 3G","K","0",NULL,"100.0","100.0",,"Y"
"RT","G453R","453","G","GG-","4730","1","3G","R","2","100.0","95.8","96.2",,"Y"
"RT","G453S","453","G","GG-","4730","1","3G","S","0",NULL,NULL,NULL,,"Y"
"RT","G456E","456","G","GG-","4723","1","3F, 3G","E","1","0.0","100.0","88.9",,"Y"
"RT","G456K","456","G","GG-","4723","1","3F, 3G","K","1","100.0","100.0","100.0",,"Y"
"RT","G456R","456","G","GG-","4723","1","3G","R","1","100.0","88.9","90.0",,"Y"
"RT","G456S","456","G","GG-","4723","1","3G","S","0",NULL,NULL,NULL,,"Y"
"RT","G462E","462","G","GG-","4708","1","3F, 3G","E","1","0.0","100.0","50.0",,"Y"
"RT","G462K","462","G","GG-","4708","1","3F, 3G","K","1","0.0","0.0","0.0",,
"RT","G462R","462","G","GG-","4708","1","3G","R","1","100.0","100.0","100.0",,"Y"
"RT","G462S","462","G","GG-","4708","1","3G","S","0",NULL,NULL,NULL,,"Y"
"RT","D471K","471","D","GA-","4686","1","3F","K","2","50.0","69.2","66.7",,"Y"
"RT","D471N","471","D","GA-","4686","1","3F","N","25","0.0","0.0","0.0",,
"RT","E478K","478","E","GA-","4683","1","3F","K","0",NULL,"84.6","84.6",,"Y"
"RT","E478N","478","E","GA-","4683","1","3F","N","0",NULL,NULL,NULL,,"Y"
"RT","D488K","488","D","GA-","4451","1","3F","K","0",NULL,NULL,NULL,,"Y"
"RT","D488N","488","D","GA-","4451","1","3F","N","0",NULL,"0.0","0.0",,"Y"
"RT","G490E","490","G","GG-","4407","1","3F, 3G","E","68","1.5","0.0","1.2",,
"RT","G490K","490","G","GG-","4407","1","3F, 3G","K","0",NULL,"0.0","0.0",,"Y"
"RT","G490R","490","G","GG-","4407","1","3G","R","9","11.1","81.8","50.0",,"Y"
"RT","G490S","490","G","GG-","4407","1","3G","S","1","0.0",NULL,"0.0",,
"RT","E492K","492","E","GA-","4349","1","3F","K","24","0.0","15.0","6.8",,
"RT","E492N","492","E","GA-","4349","1","3F","N","2","0.0",NULL,"0.0",,
"RT","D498K","498","D","GA-","4338","1","3F","K","0",NULL,NULL,NULL,,"Y"
"RT","D498N","498","D","GA-","4338","1","3F","N","0",NULL,NULL,NULL,,"Y"
"RT","G504E","504","G","GG-","4335","1","3F, 3G","E","1","0.0","0.0","0.0",,
"RT","G504K","504","G","GG-","4335","1","3F, 3G","K","0",NULL,"66.7","66.7",,"Y"
"RT","G504R","504","G","GG-","4335","1","3G","R","2","50.0","95.7","92.0",,"Y"
"RT","G504S","504","G","GG-","4335","1","3G","S","0",NULL,NULL,NULL,,"Y"
"RT","D511K","511","D","GA-","4316","1","3F","K","0",NULL,NULL,NULL,,"Y"
"RT","D511N","511","D","GA-","4316","1","3F","N","2","0.0",NULL,"0.0",,
"RT","E514K","514","E","GA-","4316","1","3F","K","2","0.0","75.0","60.0",,"Y"
"RT","E514N","514","E","GA-","4316","1","3F","N","2","0.0",NULL,"0.0",,
"RT","E516K","516","E","GA-","4310","1","3F","K","8","0.0","0.0","0.0",,
"RT","E516N","516","E","GA-","4310","1","3F","N","0",NULL,NULL,NULL,,"Y"
"RT","E523K","523","E","GA-","4306","1","3F","K","3","0.0","75.0","42.9",,"Y"
"RT","E523N","523","E","GA-","4306","1","3F","N","0",NULL,NULL,NULL,,"Y"
"RT","E529K","529","E","GA-","4293","1","3F","K","6","0.0","0.0","0.0",,
"RT","E529N","529","E","GA-","4293","1","3F","N","6","0.0","0.0","0.0",,
"RT","W535*","535","W","TGG","4278","2, 3","3F, 3G","*","4","100.0","100.0","100.0",,"Y"
"RT","G541E","541","G","GG-","4267","1","3F, 3G","E","1","0.0","60.0","50.0",,"Y"
"RT","G541K","541","G","GG-","4267","1","3F, 3G","K","1","0.0","85.7","75.0",,"Y"
"RT","G541R","541","G","GG-","4267","1","3G","R","1","100.0","93.3","93.8",,"Y"
"RT","G541S","541","G","GG-","4267","1","3G","S","0",NULL,NULL,NULL,,"Y"
"RT","G543E","543","G","GG-","4266","1","3F, 3G","E","1","0.0","50.0","33.3",,"Y"
"RT","G543K","543","G","GG-","4266","1","3F, 3G","K","0",NULL,"100.0","100.0",,"Y"
"RT","G543R","543","G","GG-","4266","1","3G","R","3","100.0","87.0","88.5",,"Y"
"RT","G543S","543","G","GG-","4266","1","3G","S","0",NULL,NULL,NULL,,"Y"
"RT","G544E","544","G","GG-","4265","1","3F, 3G","E","1","0.0","60.0","50.0",,"Y"
"RT","G544K","544","G","GG-","4265","1","3F, 3G","K","0",NULL,"0.0","0.0",,"Y"
"RT","G544R","544","G","GG-","4265","1","3G","R","2","50.0","100.0","94.7",,"Y"
"RT","G544S","544","G","GG-","4265","1","3G","S","0",NULL,"100.0","100.0",,"Y"
"RT","E546K","546","E","GA-","4256","1","3F","K","3","0.0","25.0","14.3",,
"RT","E546N","546","E","GA-","4256","1","3F","N","0",NULL,NULL,NULL,,"Y"
"RT","D549K","549","D","GA-","4256","1","3F","K","0",NULL,NULL,NULL,,"Y"
"RT","D549N","549","D","GA-","4256","1","3F","N","5","0.0","50.0","14.3",,
"RT","G555E","555","G","GG-","4242","1","3F, 3G","E","3","0.0","75.0","42.9",,"Y"
"RT","G555K","555","G","GG-","4242","1","3F, 3G","K","0",NULL,"100.0","100.0",,"Y"
"RT","G555R","555","G","GG-","4242","1","3G","R","3","100.0","86.4","88.0",,"Y"
"RT","G555S","555","G","GG-","4242","1","3G","S","0",NULL,NULL,NULL,,"Y"
"IN","D3K","3","D","GAT","10781","1","3F","K","0",NULL,"100.0","100.0",,"Y"
"IN","D3N","3","D","GAT","10781","1","3F","N","13","23.1","71.4","40.0",,"Y"
"IN","G4E","4","G","GG-","10794","1","3F, 3G","E","5","0.0","33.3","12.5",,
"IN","G4K","4","G","GG-","10794","1","3F, 3G","K","3","66.7","93.3","88.9",,"Y"
"IN","G4R","4","G","GG-","10794","1","3G","R","5","20.0","84.2","70.8",,"Y"
"IN","G4S","4","G","GG-","10794","1","3G","S","6","0.0",NULL,"0.0",,
"IN","D6K","6","D","GA-","10973","1","3F","K","1","0.0",NULL,"0.0",,
"IN","D6N","6","D","GA-","10973","1","3F","N","45","2.2","26.1","10.3",,
"IN","E10K","10","E","GA-","11073","1","3F","K","3","33.3","100.0","80.0",,"Y"
"IN","E10N","10","E","GA-","11073","1","3F","N","0",NULL,NULL,NULL,,"Y"
"IN","E11K","11","E","GA-","11079","1","3F","K","0",NULL,"100.0","100.0",,"Y"
"IN","E11N","11","E","GA-","11079","1","3F","N","0",NULL,NULL,NULL,,"Y"
"IN","E13K","13","E","GA-","11095","1","3F","K","3","33.3","90.0","76.9",,"Y"
"IN","E13N","13","E","GA-","11095","1","3F","N","0",NULL,NULL,NULL,,"Y"
"IN","W19*","19","W","TGG","11130","2, 3","3F, 3G","*","3","100.0","100.0","100.0",,"Y"
"IN","M22I","22","M","ATG","11175","3","3G","I","54","5.6","57.9","19.2",,
"IN","D25K","25","D","GA-","11227","1","3F","K","1","0.0","100.0","66.7",,"Y"
"IN","D25N","25","D","GA-","11227","1","3F","N","4","25.0","80.0","55.6",,"Y"
"IN","E35K","35","E","GA-","11233","1","3F","K","7","57.1","66.7","62.5",,"Y"
"IN","E35N","35","E","GA-","11233","1","3F","N","0",NULL,NULL,NULL,,"Y"
"IN","D41K","41","D","GA-","11231","1","3F","K","0",NULL,NULL,NULL,,"Y"
"IN","D41N","41","D","GA-","11231","1","3F","N","214","1.9","38.7","6.5",,
"IN","G47E","47","G","GG-","11297","1","3F, 3G","E","6","33.3","78.6","65.0",,"Y"
"IN","G47K","47","G","GG-","11297","1","3F, 3G","K","1","0.0","100.0","94.1",,"Y"
"IN","G47R","47","G","GG-","11297","1","3G","R","3","0.0","87.5","63.6",,"Y"
"IN","G47S","47","G","GG-","11297","1","3G","S","0",NULL,NULL,NULL,,"Y"
"IN","E48K","48","E","GA-","11293","1","3F","K","6","33.3","30.0","31.2",,"Y"
"IN","E48N","48","E","GA-","11293","1","3F","N","0",NULL,NULL,NULL,,"Y"
"IN","G52E","52","G","GG-","11300","1","3F, 3G","E","0",NULL,"100.0","100.0",,"Y"
"IN","G52K","52","G","GG-","11300","1","3F, 3G","K","0",NULL,NULL,NULL,,"Y"
"IN","G52R","52","G","GG-","11300","1","3G","R","7","57.1","90.9","82.8",,"Y"
"IN","G52S","52","G","GG-","11300","1","3G","S","0",NULL,NULL,NULL,,"Y"
"IN","D55K","55","D","GA-","11301","1","3F","K","0",NULL,NULL,NULL,,"Y"
"IN","D55N","55","D","GA-","11301","1","3F","N","20","10.0","50.0","16.7",,
"IN","G59E","59","G","GG-","11307","1","3F, 3G","E","64","1.6","81.8","13.3",,
"IN","G59K","59","G","GG-","11307","1","3F, 3G","K","1","100.0","88.9","90.0",,"Y"
"IN","G59R","59","G","GG-","11307","1","3G","R","9","11.1","100.0","52.9",,"Y"
"IN","G59S","59","G","GG-","11307","1","3G","S","0",NULL,NULL,NULL,,"Y"
"IN","W61*","61","W","TGG","11314","2","3G","*","0",NULL,"100.0","100.0",,"Y"
"IN","D64K","64","D","GA-","11309","1","3F","K","0",NULL,NULL,NULL,,"Y"
"IN","D64N","64","D","GA-","11309","1","3F","N","5","100.0","100.0","100.0",,"Y"
"IN","E69K","69","E","GA-","11310","1","3F","K","7","0.0","87.5","46.7",,"Y"
"IN","E69N","69","E","GA-","11310","1","3F","N","0",NULL,NULL,NULL,,"Y"
"IN","G70E","70","G","GG-","11307","1","3F, 3G","E","58","1.7","40.0","7.4",,
"IN","G70K","70","G","GG-","11307","1","3F, 3G","K","3","100.0","75.0","85.7",,"Y"
"IN","G70R","70","G","GG-","11307","1","3G","R","9","33.3","95.5","77.4",,"Y"
"IN","G70S","70","G","GG-","11307","1","3G","S","2","0.0","100.0","33.3",,"Y"
"IN","G82E","82","G","GG-","11322","1","3F, 3G","E","1","100.0","100.0","100.0",,"Y"
"IN","G82K","82","G","GG-","11322","1","3F, 3G","K","0",NULL,"66.7","66.7",,"Y"
"IN","G82R","82","G","GG-","11322","1","3G","R","6","16.7","78.6","60.0",,"Y"
"IN","G82S","82","G","GG-","11322","1","3G","S","2","0.0","75.0","50.0",,"Y"
"IN","E85K","85","E","GA-","11319","1","3F","K","0",NULL,"100.0","100.0",,"Y"
"IN","E85N","85","E","GA-","11319","1","3F","N","0",NULL,NULL,NULL,,"Y"
"IN","E87K","87","E","GA-","11319","1","3F","K","3","0.0","100.0","25.0",,"Y"
"IN","E87N","87","E","GA-","11319","1","3F","N","0",NULL,NULL,NULL,,"Y"
"IN","E92K","92","E","GA-","11295","1","3F","K","2","0.0","100.0","33.3",,"Y"
"IN","E92N","92","E","GA-","11295","1","3F","N","1","0.0",NULL,"0.0",,
"IN","G94E","94","G","GG-","11325","1","3F, 3G","E","0",NULL,NULL,NULL,,"Y"
"IN","G94K","94","G","GG-","11325","1","3F, 3G","K","0",NULL,NULL,NULL,,"Y"
"IN","G94R","94","G","GG-","11325","1","3G","R","2","50.0","66.7","62.5",,"Y"
"IN","G94S","94","G","GG-","11325","1","3G","S","0",NULL,NULL,NULL,,"Y"
"IN","E96K","96","E","GA-","11322","1","3F","K","2","100.0","100.0","100.0",,"Y"
"IN","E96N","96","E","GA-","11322","1","3F","N","2","0.0",NULL,"0.0",,
"IN","G106E","106","G","GG-","11330","1","3F, 3G","E","3","33.3","100.0","66.7",,"Y"
"IN","G106K","106","G","GG-","11330","1","3F, 3G","K","0",NULL,"100.0","100.0",,"Y"
"IN","G106R","106","G","GG-","11330","1","3G","R","6","50.0","83.3","66.7",,"Y"
"IN","G106S","106","G","GG-","11330","1","3G","S","5","20.0",NULL,"20.0",,
"IN","W108*","108","W","TGG","11329","2","3G","*","2","100.0","100.0","100.0",,"Y"
"IN","D116K","116","D","GA-","11331","1","3F","K","0",NULL,NULL,NULL,,"Y"
"IN","D116N","116","D","GA-","11331","1","3F","N","1","100.0",NULL,"100.0",,"Y"
"IN","G118E","118","G","GG-","11329","1","3F, 3G","E","0",NULL,NULL,NULL,,"Y"
"IN","G118K","118","G","GG-","11329","1","3F, 3G","K","0",NULL,NULL,NULL,,"Y"
"IN","G118R","118","G","GG-","11329","1","3G","R","0",NULL,"100.0","100.0","Y",
"IN","G118S","118","G","GG-","11329","1","3G","S","1","0.0","100.0","88.9",,"Y"
"IN","W131*","131","W","TGG","11329","2","3G","*","3","100.0","100.0","100.0",,"Y"
"IN","W132*","132","W","TGG","11329","2, 3","3F, 3G","*","3","100.0","100.0","100.0",,"Y"
"IN","E138K","138","E","GA-","11292","1","3F","K","48","0.0","85.7","10.9","Y",
"IN","E138N","138","E","GA-","11292","1","3F","N","1","0.0",NULL,"0.0",,
"IN","G149E","149","G","GG-","11328","1","3F, 3G","E","3","66.7","100.0","75.0",,"Y"
"IN","G149K","149","G","GG-","11328","1","3F, 3G","K","0",NULL,"100.0","100.0",,"Y"
"IN","G149R","149","G","GG-","11328","1","3G","R","3","33.3","89.5","81.8",,"Y"
"IN","G149S","149","G","GG-","11328","1","3G","S","1","100.0",NULL,"100.0",,"Y"
"IN","E152K","152","E","GA-","11311","1","3F","K","13","100.0","100.0","100.0",,"Y"
"IN","E152N","152","E","GA-","11311","1","3F","N","0",NULL,NULL,NULL,,"Y"
"IN","D167K","167","D","GA-","11288","1","3F","K","1","100.0","100.0","100.0",,"Y"
"IN","D167N","167","D","GA-","11288","1","3F","N","2","100.0","50.0","75.0",,"Y"
"IN","E170K","170","E","GA-","11302","1","3F","K","5","40.0","71.4","58.3",,"Y"
"IN","E170N","170","E","GA-","11302","1","3F","N","0",NULL,NULL,NULL,,"Y"
"IN","M178I","178","M","ATG","11314","3","3G","I","1","100.0","100.0","100.0",,"Y"
"IN","R187K","187","R","AGA","11279","2","3F","K","133","1.5","25.0","4.0",,
"IN","G189E","189","G","GGG","11311","1, 2, 3","3F, 3G","E","1","0.0","100.0","50.0",,"Y"
"IN","G189K","189","G","GGG","11311","1, 2, 3","3F, 3G","K","0",NULL,"100.0","100.0",,"Y"
"IN","G189R","189","G","GGG","11311","1, 3","3G","R","12","0.0","16.7","5.6",,
"IN","G190E","190","G","GGG","11296","1, 2, 3","3F, 3G","E","1","100.0","75.0","80.0",,"Y"
"IN","G190K","190","G","GGG","11296","1, 2, 3","3F, 3G","K","0",NULL,"100.0","100.0",,"Y"
"IN","G190R","190","G","GGG","11296","1, 3","3G","R","2","0.0","100.0","33.3",,"Y"
"IN","G192E","192","G","GG-","11314","1","3F, 3G","E","1","0.0","100.0","66.7",,"Y"
"IN","G192K","192","G","GG-","11314","1","3F, 3G","K","0",NULL,"100.0","100.0",,"Y"
"IN","G192R","192","G","GG-","11314","1","3G","R","0",NULL,"100.0","100.0",,"Y"
"IN","G192S","192","G","GG-","11314","1","3G","S","0",NULL,NULL,NULL,,"Y"
"IN","G197E","197","G","GG-","11311","1","3F, 3G","E","0",NULL,"100.0","100.0",,"Y"
"IN","G197K","197","G","GG-","11311","1","3F, 3G","K","0",NULL,NULL,NULL,,"Y"
"IN","G197R","197","G","GG-","11311","1","3G","R","3","0.0","0.0","0.0",,
"IN","G197S","197","G","GG-","11311","1","3G","S","0",NULL,NULL,NULL,,"Y"
"IN","E198K","198","E","GA-","11292","1","3F","K","2","50.0","100.0","75.0",,"Y"
"IN","E198N","198","E","GA-","11292","1","3F","N","0",NULL,NULL,NULL,,"Y"
"IN","D202K","202","D","GA-","11301","1","3F","K","0",NULL,NULL,NULL,,"Y"
"IN","D202N","202","D","GA-","11301","1","3F","N","0",NULL,NULL,NULL,,"Y"
"IN","D207K","207","D","GA-","11305","1","3F","K","0",NULL,NULL,NULL,,"Y"
"IN","D207N","207","D","GA-","11305","1","3F","N","41","0.0","0.0","0.0",,
"IN","E212K","212","E","GAA","11289","1","3F","K","5","20.0","50.0","28.6",,"Y"
"IN","R224Q","224","R","CGG","11298","2, 3","3F, 3G","Q","18","11.1","81.8","50.0",,"Y"
"IN","D229K","229","D","GAC","11290","1","3F","K","0",NULL,NULL,NULL,,"Y"
"IN","D229N","229","D","GAC","11290","1","3F","N","2","0.0",NULL,"0.0",,
"IN","R231K","231","R","AGA","11264","2","3F","K","85","0.0","26.3","4.8",,
"IN","D232K","232","D","GA-","11213","1","3F","K","0",NULL,NULL,NULL,,"Y"
"IN","D232N","232","D","GA-","11213","1","3F","N","73","0.0","28.6","2.5",,
"IN","W235*","235","W","TGG","11291","2, 3","3F, 3G","*","5","100.0","100.0","100.0",,"Y"
"IN","G237E","237","G","GGA","11291","1, 2","3F","E","1","0.0",NULL,"0.0",,
"IN","G237K","237","G","GGA","11291","1, 2","3F","K","0",NULL,NULL,NULL,,"Y"
"IN","G237R","237","G","GGA","11290","1","3G","R","0",NULL,"83.3","83.3",,"Y"
"IN","W243*","243","W","TGG","11281","2, 3","3F, 3G","*","2","100.0","100.0","100.0",,"Y"
"IN","G245E","245","G","GGT","11281","1","3F, 3G","E","0",NULL,NULL,NULL,,"Y"
"IN","G245K","245","G","GGT","11281","1","3F, 3G","K","0",NULL,NULL,NULL,,"Y"
"IN","G245R","245","G","GGT","11281","1","3G","R","1","0.0",NULL,"0.0",,
"IN","G245S","245","G","GGT","11281","1","3G","S","0",NULL,"75.0","75.0",,"Y"
"IN","E246K","246","E","GAA","11275","1","3F","K","3","33.3",NULL,"33.3",,"Y"
"IN","G247E","247","G","GG-","11270","1","3F, 3G","E","0",NULL,NULL,NULL,,"Y"
"IN","G247K","247","G","GG-","11270","1","3F, 3G","K","1","0.0","100.0","66.7",,"Y"
"IN","G247R","247","G","GG-","11270","1","3G","R","4","50.0","100.0","75.0",,"Y"
"IN","G247S","247","G","GG-","11270","1","3G","S","0",NULL,NULL,NULL,,"Y"
"IN","D253K","253","D","GA-","11234","1","3F","K","0",NULL,NULL,NULL,,"Y"
"IN","D253N","253","D","GA-","11234","1","3F","N","3","33.3","100.0","50.0",,"Y"
"IN","D256K","256","D","GA-","11238","1","3F","K","1","100.0",NULL,"100.0",,"Y"
"IN","D256N","256","D","GA-","11238","1","3F","N","0",NULL,"50.0","50.0",,"Y"
"IN","D270K","270","D","GA-","10896","1","3F","K","0",NULL,NULL,NULL,,"Y"
"IN","D270N","270","D","GA-","10896","1","3F","N","62","1.6","40.0","6.9",,
"IN","G272E","272","G","GGA","10954","1, 2","3F","E","2","0.0","100.0","33.3",,"Y"
"IN","G272K","272","G","GGA","10954","1, 2","3F","K","1","100.0","100.0","100.0",,"Y"
"IN","G272R","272","G","GGA","10952","1","3G","R","9","33.3","100.0","64.7",,"Y"
"IN","M275I","275","M","ATG","10823","3","3G","I","0",NULL,NULL,NULL,,"Y"
"IN","G277E","277","G","GG-","10783","1","3F, 3G","E","0",NULL,"0.0","0.0",,"Y"
"IN","G277K","277","G","GG-","10783","1","3F, 3G","K","0",NULL,NULL,NULL,,"Y"
"IN","G277R","277","G","GG-","10783","1","3G","R","8","0.0",NULL,"0.0",,
"IN","G277S","277","G","GG-","10783","1","3G","S","1","0.0","66.7","50.0",,"Y"
"IN","D279K","279","D","GAT","10717","1","3F","K","0",NULL,NULL,NULL,,"Y"
"IN","D279N","279","D","GAT","10717","1","3F","N","34","0.0","25.0","2.6",,
"IN","R284K","284","R","-GA","10748","2","3F","K","4","0.0",NULL,"0.0",,
"IN","R284Q","284","R","-GA","10748","2","3F","Q","0",NULL,NULL,NULL,,"Y"
"IN","E287K","287","E","GA-","10469","1","3F","K","10","10.0","75.0","28.6",,"Y"
"IN","E287N","287","E","GA-","10469","1","3F","N","0",NULL,NULL,NULL,,"Y"
